timestamp,openTime,open,high,low,close,volume
2021-04-16 21:00:00,1618606800000,6752008.0,6759609.0,6752008.0,6757588.0,11.1
2021-04-16 21:01:00,1618606860000,6757000.0,6759079.0,6755500.0,6759079.0,3.26
2021-04-16 21:02:00,1618606920000,6757821.0,6760000.0,6757821.0,6758775.0,0.24
2021-04-16 21:03:00,1618606980000,6758781.0,6759464.0,6757563.0,6757605.0,0.62
2021-04-16 21:04:00,1618607040000,6759533.0,6761779.0,6757705.0,6759531.0,1.44
2021-04-16 21:05:00,1618607100000,6759553.0,6761779.0,6759553.0,6759848.0,1.52
2021-04-16 21:06:00,1618607160000,6760847.0,6763590.0,6759788.0,6760665.0,1.92
2021-04-16 21:07:00,1618607220000,6761188.0,6763263.0,6758350.0,6761029.0,2.08
2021-04-16 21:08:00,1618607280000,6761029.0,6762841.0,6760508.0,6762841.0,0.64
2021-04-16 21:09:00,1618607340000,6762860.0,6766377.0,6762860.0,6763890.0,2.06
2021-04-16 21:10:00,1618607400000,6763890.0,6764382.0,6760790.0,6762843.0,1.82
2021-04-16 21:11:00,1618607460000,6762886.0,6766502.0,6760890.0,6765563.0,2.82
2021-04-16 21:12:00,1618607520000,6765144.0,6769684.0,6764862.0,6766645.0,1.68
2021-04-16 21:13:00,1618607580000,6766645.0,6767029.0,6766278.0,6766278.0,0.78
2021-04-16 21:14:00,1618607640000,6767521.0,6769448.0,6765664.0,6765809.0,1.76
2021-04-16 21:15:00,1618607700000,6766129.0,6766129.0,6760061.0,6760061.0,0.98
2021-04-16 21:16:00,1618607760000,6760071.0,6762427.0,6758660.0,6758683.0,3.08
2021-04-16 21:17:00,1618607820000,6759443.0,6760813.0,6756497.0,6756497.0,1.44
2021-04-16 21:18:00,1618607880000,6757997.0,6758052.0,6754349.0,6756668.0,2.26
2021-04-16 21:19:00,1618607940000,6756689.0,6778144.0,6754840.0,6762441.0,36.98
2021-04-16 21:20:00,1618608000000,6760739.0,6766625.0,6757698.0,6766210.0,5.64
2021-04-16 21:21:00,1618608060000,6765127.0,6766618.0,6759841.0,6763806.0,5.68
2021-04-16 21:22:00,1618608120000,6764029.0,6765455.0,6763500.0,6763500.0,0.7
2021-04-16 21:23:00,1618608180000,6765184.0,6765184.0,6754632.0,6756451.0,3.12
2021-04-16 21:24:00,1618608240000,6755285.0,6759263.0,6755000.0,6756335.0,2.16
2021-04-16 21:25:00,1618608300000,6756100.0,6756842.0,6754001.0,6755000.0,0.5
2021-04-16 21:26:00,1618608360000,6755159.0,6755159.0,6750451.0,6751356.0,1.82
2021-04-16 21:27:00,1618608420000,6750551.0,6750957.0,6747193.0,6748480.0,5.38
2021-04-16 21:28:00,1618608480000,6747186.0,6747755.0,6745000.0,6745593.0,2.44
2021-04-16 21:29:00,1618608540000,6745587.0,6751045.0,6739437.0,6746849.0,24.14
2021-04-16 21:30:00,1618608600000,6746872.0,6752457.0,6745328.0,6752457.0,5.08
2021-04-16 21:31:00,1618608660000,6752071.0,6756305.0,6750562.0,6755010.0,2.64
2021-04-16 21:32:00,1618608720000,6756382.0,6756606.0,6754634.0,6754634.0,0.82
2021-04-16 21:33:00,1618608780000,6754397.0,6757263.0,6754397.0,6757263.0,1.14
2021-04-16 21:34:00,1618608840000,6757865.0,6763700.0,6757263.0,6760065.0,6.48
2021-04-16 21:35:00,1618608900000,6759411.0,6760165.0,6758053.0,6758053.0,0.64
2021-04-16 21:36:00,1618608960000,6759719.0,6759719.0,6759719.0,6759719.0,0.02
2021-04-16 21:37:00,1618609020000,6760112.0,6760115.0,6758600.0,6758601.0,0.24
2021-04-16 21:38:00,1618609080000,6758600.0,6758600.0,6749503.0,6749503.0,2.9
2021-04-16 21:39:00,1618609140000,6750038.0,6763958.0,6749055.0,6754900.0,15.18
2021-04-16 21:40:00,1618609200000,6754742.0,6756176.0,6753926.0,6754926.0,1.12
2021-04-16 21:41:00,1618609260000,6754952.0,6755000.0,6752106.0,6752106.0,1.02
2021-04-16 21:42:00,1618609320000,6752249.0,6752249.0,6742400.0,6744181.0,5.22
2021-04-16 21:43:00,1618609380000,6744200.0,6753301.0,6744200.0,6753244.0,4.08
2021-04-16 21:44:00,1618609440000,6753244.0,6754916.0,6752085.0,6753449.0,1.34
2021-04-16 21:45:00,1618609500000,6753219.0,6754841.0,6752581.0,6754841.0,0.8
2021-04-16 21:46:00,1618609560000,6754841.0,6755236.0,6753256.0,6753256.0,0.76
2021-04-16 21:47:00,1618609620000,6752690.0,6753407.0,6748778.0,6750606.0,2.54
2021-04-16 21:48:00,1618609680000,6749931.0,6755377.0,6749931.0,6753949.0,2.14
2021-04-16 21:49:00,1618609740000,6753939.0,6755000.0,6751834.0,6752434.0,2.26
2021-04-16 21:50:00,1618609800000,6752891.0,6752891.0,6749510.0,6749953.0,1.18
2021-04-16 21:51:00,1618609860000,6749560.0,6753399.0,6749560.0,6751227.0,0.88
2021-04-16 21:52:00,1618609920000,6751231.0,6751312.0,6749851.0,6749851.0,0.7
2021-04-16 21:54:00,1618610040000,6750100.0,6750100.0,6743984.0,6750034.0,4.18
2021-04-16 21:55:00,1618610100000,6749808.0,6754939.0,6749808.0,6750351.0,1.9
2021-04-16 21:56:00,1618610160000,6750396.0,6752997.0,6747217.0,6749828.0,1.56
2021-04-16 21:57:00,1618610220000,6750192.0,6750192.0,6746478.0,6746478.0,0.52
2021-04-16 21:58:00,1618610280000,6746440.0,6746440.0,6741920.0,6742652.0,2.44
2021-04-16 21:59:00,1618610340000,6742133.0,6744809.0,6741352.0,6742026.0,4.12
2021-04-16 22:00:00,1618610400000,6741341.0,6750885.0,6740107.0,6745930.0,6.46
2021-04-16 22:01:00,1618610460000,6746384.0,6747329.0,6738880.0,6739000.0,3.52
2021-04-16 22:02:00,1618610520000,6739000.0,6739605.0,6734372.0,6734497.0,5.7
2021-04-16 22:03:00,1618610580000,6736843.0,6738747.0,6735220.0,6736939.0,1.78
2021-04-16 22:04:00,1618610640000,6735320.0,6735320.0,6725000.0,6731011.0,10.56
2021-04-16 22:05:00,1618610700000,6730973.0,6737990.0,6730973.0,6737660.0,2.18
2021-04-16 22:06:00,1618610760000,6738669.0,6740241.0,6732693.0,6738277.0,6.26
2021-04-16 22:07:00,1618610820000,6738522.0,6740226.0,6735014.0,6735014.0,3.08
2021-04-16 22:08:00,1618610880000,6736700.0,6741026.0,6735288.0,6738500.0,2.6
2021-04-16 22:09:00,1618610940000,6738518.0,6740630.0,6734661.0,6737191.0,2.68
2021-04-16 22:10:00,1618611000000,6739014.0,6741884.0,6737311.0,6739320.0,2.2
2021-04-16 22:11:00,1618611060000,6736810.0,6737913.0,6735119.0,6737006.0,0.46
2021-04-16 22:12:00,1618611120000,6734679.0,6734679.0,6732053.0,6732969.0,1.0
2021-04-16 22:13:00,1618611180000,6732949.0,6737006.0,6732949.0,6734366.0,0.76
2021-04-16 22:14:00,1618611240000,6735094.0,6735521.0,6732053.0,6732053.0,0.4
2021-04-16 22:15:00,1618611300000,6733716.0,6738070.0,6731998.0,6738070.0,1.56
2021-04-16 22:16:00,1618611360000,6738070.0,6741991.0,6736249.0,6738526.0,2.06
2021-04-16 22:17:00,1618611420000,6739771.0,6741322.0,6734563.0,6738256.0,2.72
2021-04-16 22:18:00,1618611480000,6738946.0,6740714.0,6737099.0,6738640.0,1.52
2021-04-16 22:19:00,1618611540000,6740128.0,6740747.0,6736830.0,6739299.0,3.3
2021-04-16 22:20:00,1618611600000,6739299.0,6742053.0,6738321.0,6738321.0,2.4
2021-04-16 22:21:00,1618611660000,6738128.0,6739439.0,6735039.0,6735039.0,1.74
2021-04-16 22:22:00,1618611720000,6735157.0,6740000.0,6735152.0,6737410.0,0.98
2021-04-16 22:23:00,1618611780000,6736320.0,6739900.0,6730860.0,6730860.0,2.32
2021-04-16 22:24:00,1618611840000,6730860.0,6734468.0,6730000.0,6734468.0,7.98
2021-04-16 22:25:00,1618611900000,6733340.0,6735259.0,6728930.0,6734378.0,4.7
2021-04-16 22:26:00,1618611960000,6733809.0,6737746.0,6733289.0,6733797.0,3.5
2021-04-16 22:27:00,1618612020000,6735622.0,6737399.0,6733897.0,6737399.0,1.38
2021-04-16 22:28:00,1618612080000,6737268.0,6740444.0,6736449.0,6738882.0,0.88
2021-04-16 22:29:00,1618612140000,6738883.0,6741607.0,6738087.0,6738723.0,0.84
2021-04-16 22:30:00,1618612200000,6740881.0,6744012.0,6740881.0,6742610.0,1.96
2021-04-16 22:31:00,1618612260000,6744214.0,6751171.0,6744214.0,6749476.0,4.0
2021-04-16 22:32:00,1618612320000,6749479.0,6758018.0,6749476.0,6757801.0,3.38
2021-04-16 22:33:00,1618612380000,6757599.0,6761626.0,6755500.0,6757151.0,5.98
2021-04-16 22:34:00,1618612440000,6757854.0,6761726.0,6757251.0,6758530.0,3.54
2021-04-16 22:35:00,1618612500000,6759503.0,6761300.0,6756708.0,6759884.0,2.28
2021-04-16 22:36:00,1618612560000,6760000.0,6761508.0,6758280.0,6760133.0,3.16
2021-04-16 22:37:00,1618612620000,6760116.0,6761408.0,6760000.0,6761408.0,0.26
2021-04-16 22:38:00,1618612680000,6761408.0,6761898.0,6750000.0,6750953.0,3.88
2021-04-16 22:39:00,1618612740000,6750947.0,6753032.0,6746936.0,6751214.0,7.14
2021-04-16 22:40:00,1618612800000,6751854.0,6759700.0,6751854.0,6758105.0,2.76
2021-04-16 22:41:00,1618612860000,6758116.0,6758116.0,6749903.0,6752714.0,5.52
2021-04-16 22:42:00,1618612920000,6751520.0,6753816.0,6748480.0,6750884.0,3.94
2021-04-16 22:43:00,1618612980000,6753096.0,6755769.0,6750763.0,6752185.0,2.34
2021-04-16 22:44:00,1618613040000,6751747.0,6751747.0,6742366.0,6744466.0,3.1
2021-04-16 22:45:00,1618613100000,6745927.0,6749900.0,6742000.0,6749405.0,6.9
2021-04-16 22:46:00,1618613160000,6749266.0,6750363.0,6745998.0,6745998.0,1.04
2021-04-16 22:47:00,1618613220000,6746079.0,6748205.0,6742922.0,6744412.0,2.44
2021-04-16 22:48:00,1618613280000,6743296.0,6745433.0,6742304.0,6745433.0,0.54
2021-04-16 22:49:00,1618613340000,6745439.0,6749028.0,6741235.0,6741963.0,2.04
2021-04-16 22:50:00,1618613400000,6742715.0,6745779.0,6741233.0,6741233.0,1.92
2021-04-16 22:51:00,1618613460000,6741233.0,6742579.0,6738790.0,6739034.0,3.9
2021-04-16 22:52:00,1618613520000,6739034.0,6745545.0,6739034.0,6745545.0,1.66
2021-04-16 22:53:00,1618613580000,6743938.0,6743938.0,6735408.0,6735409.0,3.94
2021-04-16 22:54:00,1618613640000,6735419.0,6738271.0,6732305.0,6735790.0,4.88
2021-04-16 22:55:00,1618613700000,6734938.0,6737070.0,6731000.0,6731000.0,2.36
2021-04-16 22:56:00,1618613760000,6731006.0,6733366.0,6724293.0,6725789.0,7.9
2021-04-16 22:57:00,1618613820000,6726062.0,6732272.0,6723540.0,6723540.0,8.34
2021-04-16 22:58:00,1618613880000,6723873.0,6726164.0,6719686.0,6719686.0,4.72
2021-04-16 22:59:00,1618613940000,6722274.0,6725353.0,6720521.0,6722921.0,2.7
2021-04-16 23:00:00,1618614000000,6722921.0,6728131.0,6721480.0,6723950.0,7.24
2021-04-16 23:01:00,1618614060000,6723749.0,6724854.0,6712301.0,6714800.0,12.56
2021-04-16 23:02:00,1618614120000,6716087.0,6724343.0,6715127.0,6722360.0,4.08
2021-04-16 23:03:00,1618614180000,6720414.0,6720847.0,6712864.0,6714720.0,5.64
2021-04-16 23:04:00,1618614240000,6717043.0,6724586.0,6714883.0,6723004.0,2.42
2021-04-16 23:05:00,1618614300000,6723060.0,6723627.0,6720988.0,6721189.0,2.1
2021-04-16 23:06:00,1618614360000,6721188.0,6722454.0,6713606.0,6713606.0,3.32
2021-04-16 23:07:00,1618614420000,6715761.0,6722556.0,6713488.0,6716825.0,4.14
2021-04-16 23:08:00,1618614480000,6716166.0,6717757.0,6713397.0,6715906.0,1.44
2021-04-16 23:09:00,1618614540000,6715895.0,6718875.0,6712605.0,6714887.0,2.26
2021-04-16 23:10:00,1618614600000,6712109.0,6714900.0,6710240.0,6714712.0,2.24
2021-04-16 23:11:00,1618614660000,6712844.0,6715700.0,6710345.0,6711169.0,2.34
2021-04-16 23:12:00,1618614720000,6711315.0,6716370.0,6710034.0,6713631.0,2.88
2021-04-16 23:13:00,1618614780000,6715461.0,6715906.0,6713005.0,6714825.0,1.62
2021-04-16 23:14:00,1618614840000,6713147.0,6716611.0,6711070.0,6714966.0,3.36
2021-04-16 23:15:00,1618614900000,6715983.0,6721952.0,6715983.0,6719732.0,1.6
2021-04-16 23:16:00,1618614960000,6721333.0,6721333.0,6714931.0,6714931.0,1.96
2021-04-16 23:17:00,1618615020000,6715453.0,6720499.0,6715101.0,6718970.0,1.56
2021-04-16 23:18:00,1618615080000,6718418.0,6718418.0,6713579.0,6716011.0,0.82
2021-04-16 23:19:00,1618615140000,6716005.0,6722501.0,6716005.0,6720339.0,1.48
2021-04-16 23:20:00,1618615200000,6719430.0,6721149.0,6717822.0,6719337.0,2.24
2021-04-16 23:21:00,1618615260000,6719337.0,6723024.0,6718273.0,6721630.0,2.78
2021-04-16 23:22:00,1618615320000,6720430.0,6720430.0,6716740.0,6719411.0,3.42
2021-04-16 23:23:00,1618615380000,6720206.0,6725804.0,6720206.0,6724734.0,1.22
2021-04-16 23:24:00,1618615440000,6724745.0,6725233.0,6720391.0,6721702.0,1.52
2021-04-16 23:25:00,1618615500000,6722601.0,6730852.0,6722601.0,6727558.0,2.64
2021-04-16 23:26:00,1618615560000,6728025.0,6729402.0,6725447.0,6729402.0,1.24
2021-04-16 23:27:00,1618615620000,6729549.0,6730448.0,6725127.0,6725127.0,1.7
2021-04-16 23:28:00,1618615680000,6725127.0,6725376.0,6718437.0,6720440.0,4.72
2021-04-16 23:29:00,1618615740000,6720927.0,6729999.0,6719734.0,6724550.0,15.66
2021-04-16 23:30:00,1618615800000,6724654.0,6730000.0,6724500.0,6727030.0,4.44
2021-04-16 23:31:00,1618615860000,6728867.0,6734639.0,6723300.0,6727486.0,9.86
2021-04-16 23:32:00,1618615920000,6725940.0,6728135.0,6722301.0,6722301.0,2.9
2021-04-16 23:33:00,1618615980000,6722300.0,6725471.0,6721260.0,6721874.0,0.9
2021-04-16 23:34:00,1618616040000,6721886.0,6723808.0,6720118.0,6720118.0,0.88
2021-04-16 23:35:00,1618616100000,6721292.0,6723916.0,6718114.0,6719791.0,4.42
2021-04-16 23:36:00,1618616160000,6718319.0,6720189.0,6714580.0,6714979.0,3.04
2021-04-16 23:37:00,1618616220000,6716076.0,6722448.0,6714300.0,6720467.0,1.8
2021-04-16 23:38:00,1618616280000,6723484.0,6725000.0,6720734.0,6721593.0,2.68
2021-04-16 23:39:00,1618616340000,6723060.0,6726523.0,6722000.0,6724994.0,5.86
2021-04-16 23:40:00,1618616400000,6725016.0,6725690.0,6722766.0,6725101.0,1.08
2021-04-16 23:41:00,1618616460000,6724899.0,6727097.0,6721668.0,6724726.0,3.64
2021-04-16 23:42:00,1618616520000,6724402.0,6726151.0,6720000.0,6723625.0,6.5
2021-04-16 23:43:00,1618616580000,6722344.0,6722344.0,6717617.0,6720384.0,5.22
2021-04-16 23:44:00,1618616640000,6720863.0,6723100.0,6719617.0,6721708.0,2.12
2021-04-16 23:45:00,1618616700000,6721708.0,6724639.0,6721708.0,6724639.0,1.16
2021-04-16 23:46:00,1618616760000,6724588.0,6724588.0,6719108.0,6719108.0,2.38
2021-04-16 23:47:00,1618616820000,6718098.0,6718098.0,6715124.0,6715543.0,0.74
2021-04-16 23:48:00,1618616880000,6715148.0,6720000.0,6714471.0,6714471.0,4.84
2021-04-16 23:49:00,1618616940000,6714858.0,6717844.0,6713142.0,6713934.0,7.08
2021-04-16 23:50:00,1618617000000,6715666.0,6715716.0,6710000.0,6710000.0,4.38
2021-04-16 23:51:00,1618617060000,6710000.0,6712890.0,6706399.0,6710939.0,4.76
2021-04-16 23:52:00,1618617120000,6712573.0,6715152.0,6711090.0,6711420.0,2.82
2021-04-16 23:53:00,1618617180000,6712755.0,6716414.0,6711420.0,6716128.0,1.72
2021-04-16 23:54:00,1618617240000,6715524.0,6721977.0,6715222.0,6721977.0,2.98
2021-04-16 23:55:00,1618617300000,6720506.0,6721914.0,6716748.0,6717052.0,3.84
2021-04-16 23:56:00,1618617360000,6717053.0,6721674.0,6716024.0,6721674.0,1.28
2021-04-16 23:57:00,1618617420000,6721684.0,6722000.0,6714000.0,6715933.0,1.76
2021-04-16 23:58:00,1618617480000,6714100.0,6714100.0,6703374.0,6704898.0,9.28
2021-04-16 23:59:00,1618617540000,6705296.0,6708450.0,6702888.0,6704352.0,7.74
2021-04-17 00:00:00,1618617600000,6705000.0,6713490.0,6703865.0,6708369.0,9.82
2021-04-17 00:01:00,1618617660000,6707966.0,6711916.0,6707835.0,6711107.0,2.92
2021-04-17 00:02:00,1618617720000,6710130.0,6710178.0,6697865.0,6699280.0,9.48
2021-04-17 00:03:00,1618617780000,6698680.0,6700000.0,6692676.0,6700000.0,20.7
2021-04-17 00:04:00,1618617840000,6699320.0,6705700.0,6699246.0,6705700.0,10.58
2021-04-17 00:05:00,1618617900000,6705700.0,6712948.0,6705700.0,6712948.0,2.42
2021-04-17 00:06:00,1618617960000,6712563.0,6723000.0,6712110.0,6718483.0,6.74
2021-04-17 00:07:00,1618618020000,6718483.0,6723000.0,6717078.0,6720838.0,6.28
2021-04-17 00:08:00,1618618080000,6720992.0,6725338.0,6717853.0,6719359.0,6.02
2021-04-17 00:09:00,1618618140000,6718996.0,6731665.0,6718996.0,6731665.0,6.86
2021-04-17 00:10:00,1618618200000,6732201.0,6733862.0,6726136.0,6729403.0,11.24
2021-04-17 00:11:00,1618618260000,6729403.0,6733231.0,6728912.0,6731578.0,5.14
2021-04-17 00:12:00,1618618320000,6731328.0,6733861.0,6728857.0,6731191.0,2.94
2021-04-17 00:13:00,1618618380000,6729241.0,6729241.0,6720910.0,6725412.0,5.02
2021-04-17 00:14:00,1618618440000,6725419.0,6727516.0,6723537.0,6725850.0,2.28
2021-04-17 00:15:00,1618618500000,6726000.0,6731271.0,6726000.0,6726000.0,2.78
2021-04-17 00:16:00,1618618560000,6726005.0,6728445.0,6721860.0,6726531.0,3.58
2021-04-17 00:17:00,1618618620000,6726063.0,6727843.0,6715126.0,6717269.0,4.76
2021-04-17 00:18:00,1618618680000,6717257.0,6722336.0,6714567.0,6715410.0,3.8
2021-04-17 00:19:00,1618618740000,6714748.0,6718797.0,6712321.0,6712425.0,6.82
2021-04-17 00:20:00,1618618800000,6712787.0,6716855.0,6708929.0,6709164.0,2.5
2021-04-17 00:21:00,1618618860000,6709029.0,6713035.0,6702525.0,6702525.0,4.02
2021-04-17 00:22:00,1618618920000,6702471.0,6710116.0,6689488.0,6695370.0,17.04
2021-04-17 00:23:00,1618618980000,6694788.0,6694813.0,6682778.0,6687006.0,8.36
2021-04-17 00:24:00,1618619040000,6684910.0,6692726.0,6680742.0,6684554.0,19.24
2021-04-17 00:25:00,1618619100000,6683418.0,6690371.0,6681880.0,6687355.0,7.74
2021-04-17 00:26:00,1618619160000,6687960.0,6695525.0,6687960.0,6692981.0,7.02
2021-04-17 00:27:00,1618619220000,6694116.0,6700376.0,6692296.0,6693643.0,3.76
2021-04-17 00:28:00,1618619280000,6691391.0,6695286.0,6687597.0,6695024.0,4.12
2021-04-17 00:29:00,1618619340000,6695028.0,6700000.0,6692155.0,6696912.0,5.68
2021-04-17 00:30:00,1618619400000,6697752.0,6700000.0,6695383.0,6697376.0,4.6
2021-04-17 00:31:00,1618619460000,6697376.0,6699051.0,6696842.0,6696842.0,1.44
2021-04-17 00:32:00,1618619520000,6697511.0,6697511.0,6685282.0,6687837.0,3.08
2021-04-17 00:33:00,1618619580000,6686882.0,6687831.0,6680000.0,6681774.0,1.72
2021-04-17 00:34:00,1618619640000,6681774.0,6684528.0,6674129.0,6676910.0,5.64
2021-04-17 00:35:00,1618619700000,6677303.0,6690368.0,6670000.0,6690368.0,10.72
2021-04-17 00:36:00,1618619760000,6690719.0,6693570.0,6689832.0,6690000.0,3.14
2021-04-17 00:37:00,1618619820000,6690000.0,6690000.0,6680899.0,6685000.0,8.9
2021-04-17 00:38:00,1618619880000,6685311.0,6692000.0,6685311.0,6691818.0,1.1
2021-04-17 00:39:00,1618619940000,6691240.0,6691240.0,6681000.0,6681000.0,3.94
2021-04-17 00:40:00,1618620000000,6682837.0,6690096.0,6682430.0,6690096.0,2.76
2021-04-17 00:41:00,1618620060000,6687539.0,6690046.0,6680221.0,6680221.0,3.4
2021-04-17 00:42:00,1618620120000,6681699.0,6682522.0,6677377.0,6680000.0,1.76
2021-04-17 00:43:00,1618620180000,6679997.0,6682472.0,6676273.0,6676282.0,3.66
2021-04-17 00:44:00,1618620240000,6677909.0,6678164.0,6675130.0,6676207.0,1.12
2021-04-17 00:45:00,1618620300000,6677772.0,6685117.0,6677772.0,6682732.0,1.6
2021-04-17 00:46:00,1618620360000,6683187.0,6687761.0,6682242.0,6687711.0,1.74
2021-04-17 00:47:00,1618620420000,6686252.0,6689407.0,6683903.0,6688875.0,1.42
2021-04-17 00:48:00,1618620480000,6690000.0,6692841.0,6689424.0,6691631.0,0.72
2021-04-17 00:49:00,1618620540000,6693145.0,6696727.0,6693141.0,6696636.0,1.78
2021-04-17 00:50:00,1618620600000,6696397.0,6700317.0,6696282.0,6700317.0,2.12
2021-04-17 00:51:00,1618620660000,6701024.0,6701784.0,6692257.0,6699063.0,6.12
2021-04-17 00:52:00,1618620720000,6697788.0,6699195.0,6695795.0,6695795.0,2.04
2021-04-17 00:53:00,1618620780000,6695232.0,6699419.0,6694817.0,6699149.0,3.1
2021-04-17 00:54:00,1618620840000,6698661.0,6704521.0,6698661.0,6702538.0,1.7
2021-04-17 00:55:00,1618620900000,6704421.0,6705762.0,6700000.0,6701617.0,3.02
2021-04-17 00:56:00,1618620960000,6701617.0,6705712.0,6700000.0,6705712.0,2.32
2021-04-17 00:57:00,1618621020000,6705844.0,6710000.0,6705554.0,6708970.0,2.86
2021-04-17 00:58:00,1618621080000,6708521.0,6709147.0,6702494.0,6704395.0,4.3
2021-04-17 00:59:00,1618621140000,6703301.0,6706650.0,6700392.0,6702665.0,2.42
2021-04-17 01:00:00,1618621200000,6703465.0,6712785.0,6703465.0,6712785.0,7.52
2021-04-17 01:01:00,1618621260000,6712786.0,6714399.0,6711145.0,6712235.0,1.72
2021-04-17 01:02:00,1618621320000,6712100.0,6715199.0,6708649.0,6708649.0,2.82
2021-04-17 01:03:00,1618621380000,6710485.0,6714879.0,6710485.0,6714848.0,1.24
2021-04-17 01:04:00,1618621440000,6714070.0,6714878.0,6711000.0,6712768.0,2.54
2021-04-17 01:05:00,1618621500000,6712149.0,6718349.0,6710467.0,6717051.0,5.5
2021-04-17 01:06:00,1618621560000,6717051.0,6721729.0,6717051.0,6720865.0,5.12
2021-04-17 01:07:00,1618621620000,6721297.0,6729359.0,6720328.0,6725738.0,11.86
2021-04-17 01:08:00,1618621680000,6726093.0,6730000.0,6724632.0,6726749.0,2.02
2021-04-17 01:09:00,1618621740000,6724833.0,6727643.0,6724691.0,6727643.0,0.76
2021-04-17 01:10:00,1618621800000,6727608.0,6732595.0,6727283.0,6731037.0,3.26
2021-04-17 01:11:00,1618621860000,6731037.0,6732495.0,6723714.0,6729713.0,4.94
2021-04-17 01:12:00,1618621920000,6729829.0,6732536.0,6725432.0,6725456.0,3.1
2021-04-17 01:13:00,1618621980000,6725478.0,6726519.0,6722960.0,6723869.0,2.26
2021-04-17 01:14:00,1618622040000,6724403.0,6725000.0,6718315.0,6718315.0,1.52
2021-04-17 01:15:00,1618622100000,6719488.0,6725000.0,6719488.0,6725000.0,2.94
2021-04-17 01:16:00,1618622160000,6724901.0,6724901.0,6720565.0,6721241.0,0.98
2021-04-17 01:17:00,1618622220000,6721237.0,6724745.0,6720500.0,6724077.0,0.86
2021-04-17 01:18:00,1618622280000,6725000.0,6728362.0,6724309.0,6725050.0,2.78
2021-04-17 01:19:00,1618622340000,6725056.0,6726888.0,6723000.0,6723000.0,1.16
2021-04-17 01:20:00,1618622400000,6723246.0,6727872.0,6723246.0,6727872.0,1.7
2021-04-17 01:21:00,1618622460000,6727672.0,6729745.0,6726200.0,6727922.0,1.78
2021-04-17 01:22:00,1618622520000,6727932.0,6735342.0,6727932.0,6733678.0,1.92
2021-04-17 01:23:00,1618622580000,6734037.0,6735812.0,6731537.0,6735707.0,3.0
2021-04-17 01:24:00,1618622640000,6735707.0,6738852.0,6735627.0,6738651.0,1.22
2021-04-17 01:25:00,1618622700000,6737829.0,6743160.0,6737170.0,6741020.0,3.62
2021-04-17 01:26:00,1618622760000,6742070.0,6746824.0,6740930.0,6746717.0,5.94
2021-04-17 01:27:00,1618622820000,6744110.0,6750000.0,6744110.0,6747545.0,2.34
2021-04-17 01:28:00,1618622880000,6747580.0,6750000.0,6740971.0,6740971.0,4.58
2021-04-17 01:29:00,1618622940000,6741722.0,6746630.0,6741722.0,6746000.0,1.92
2021-04-17 01:30:00,1618623000000,6746000.0,6757296.0,6743424.0,6754775.0,9.16
2021-04-17 01:31:00,1618623060000,6752996.0,6755201.0,6750933.0,6752081.0,6.52
2021-04-17 01:32:00,1618623120000,6752947.0,6753339.0,6743357.0,6749092.0,4.64
2021-04-17 01:33:00,1618623180000,6749118.0,6750705.0,6740128.0,6740144.0,3.62
2021-04-17 01:34:00,1618623240000,6743124.0,6743124.0,6735394.0,6738000.0,3.74
2021-04-17 01:35:00,1618623300000,6737530.0,6740337.0,6735769.0,6740244.0,1.26
2021-04-17 01:36:00,1618623360000,6738695.0,6738831.0,6731487.0,6736122.0,5.3
2021-04-17 01:37:00,1618623420000,6736125.0,6739534.0,6734121.0,6739534.0,1.7
2021-04-17 01:38:00,1618623480000,6740947.0,6741500.0,6734012.0,6736229.0,2.14
2021-04-17 01:39:00,1618623540000,6736228.0,6738100.0,6732370.0,6735700.0,4.48
2021-04-17 01:40:00,1618623600000,6735815.0,6739983.0,6734566.0,6737085.0,1.84
2021-04-17 01:41:00,1618623660000,6737096.0,6741357.0,6735549.0,6741026.0,1.3
2021-04-17 01:42:00,1618623720000,6738729.0,6745638.0,6738667.0,6744812.0,2.5
2021-04-17 01:43:00,1618623780000,6745150.0,6750655.0,6744812.0,6748900.0,3.16
2021-04-17 01:44:00,1618623840000,6749498.0,6750718.0,6748372.0,6748422.0,1.38
2021-04-17 01:45:00,1618623900000,6748590.0,6753000.0,6748247.0,6748367.0,3.37
2021-04-17 01:46:00,1618623960000,6749000.0,6753677.0,6746000.0,6752502.0,2.36
2021-04-17 01:47:00,1618624020000,6753100.0,6758214.0,6751563.0,6752722.0,3.42
2021-04-17 01:48:00,1618624080000,6752722.0,6753153.0,6744579.0,6747848.0,4.2
2021-04-17 01:49:00,1618624140000,6744696.0,6749496.0,6741310.0,6748037.0,7.22
2021-04-17 01:50:00,1618624200000,6749104.0,6751235.0,6748631.0,6749425.0,1.44
2021-04-17 01:51:00,1618624260000,6748731.0,6748731.0,6744671.0,6746200.0,0.78
2021-04-17 01:52:00,1618624320000,6747898.0,6750000.0,6746946.0,6746994.0,1.16
2021-04-17 01:53:00,1618624380000,6748843.0,6749890.0,6746772.0,6749804.0,1.88
2021-04-17 01:54:00,1618624440000,6749900.0,6752752.0,6749753.0,6751449.0,1.92
2021-04-17 01:55:00,1618624500000,6751036.0,6752000.0,6746500.0,6748319.0,1.92
2021-04-17 01:56:00,1618624560000,6747319.0,6747914.0,6745050.0,6747853.0,1.12
2021-04-17 01:57:00,1618624620000,6748219.0,6751489.0,6748219.0,6750000.0,1.64
2021-04-17 01:58:00,1618624680000,6750000.0,6750001.0,6743977.0,6744977.0,2.14
2021-04-17 01:59:00,1618624740000,6745508.0,6746093.0,6740700.0,6746093.0,5.3
2021-04-17 02:00:00,1618624800000,6746290.0,6753000.0,6746290.0,6753000.0,6.46
2021-04-17 02:01:00,1618624860000,6752187.0,6754497.0,6751152.0,6751152.0,2.0
2021-04-17 02:02:00,1618624920000,6752112.0,6755709.0,6750001.0,6752648.0,4.22
2021-04-17 02:03:00,1618624980000,6751622.0,6762878.0,6751622.0,6760000.0,6.46
2021-04-17 02:04:00,1618625040000,6760000.0,6767000.0,6758799.0,6761988.0,11.6
2021-04-17 02:05:00,1618625100000,6761838.0,6768670.0,6760000.0,6762657.0,9.02
2021-04-17 02:06:00,1618625160000,6765310.0,6765313.0,6757285.0,6763754.0,4.34
2021-04-17 02:07:00,1618625220000,6763788.0,6765712.0,6761528.0,6761902.0,1.92
2021-04-17 02:08:00,1618625280000,6760901.0,6762055.0,6756576.0,6756785.0,1.42
2021-04-17 02:09:00,1618625340000,6758412.0,6761999.0,6757115.0,6760083.0,1.4
2021-04-17 02:10:00,1618625400000,6761652.0,6763751.0,6756510.0,6756510.0,1.74
2021-04-17 02:11:00,1618625460000,6757793.0,6758680.0,6755467.0,6756501.0,1.98
2021-04-17 02:12:00,1618625520000,6756501.0,6763688.0,6756501.0,6760000.0,4.64
2021-04-17 02:13:00,1618625580000,6761456.0,6764263.0,6759760.0,6759760.0,2.18
2021-04-17 02:14:00,1618625640000,6759760.0,6760544.0,6756218.0,6760544.0,2.04
2021-04-17 02:15:00,1618625700000,6759678.0,6764699.0,6759434.0,6762516.0,5.12
2021-04-17 02:16:00,1618625760000,6764536.0,6768289.0,6762033.0,6764049.0,4.92
2021-04-17 02:17:00,1618625820000,6764263.0,6770000.0,6764263.0,6767815.0,5.96
2021-04-17 02:18:00,1618625880000,6767782.0,6770000.0,6763539.0,6770000.0,4.34
2021-04-17 02:19:00,1618625940000,6769323.0,6776825.0,6768318.0,6769947.0,6.52
2021-04-17 02:20:00,1618626000000,6769946.0,6790000.0,6769426.0,6779047.0,22.86
2021-04-17 02:21:00,1618626060000,6779127.0,6783343.0,6777880.0,6779473.0,9.84
2021-04-17 02:22:00,1618626120000,6779472.0,6782077.0,6776800.0,6777683.0,2.32
2021-04-17 02:23:00,1618626180000,6777608.0,6779401.0,6772648.0,6776529.0,7.7
2021-04-17 02:24:00,1618626240000,6776529.0,6777990.0,6774408.0,6774408.0,1.42
2021-04-17 02:25:00,1618626300000,6775862.0,6780000.0,6774085.0,6779298.0,3.3
2021-04-17 02:26:00,1618626360000,6778939.0,6785441.0,6777644.0,6781257.0,9.64
2021-04-17 02:27:00,1618626420000,6781249.0,6782066.0,6774971.0,6776736.0,4.44
2021-04-17 02:28:00,1618626480000,6776279.0,6777310.0,6773906.0,6777310.0,1.18
2021-04-17 02:29:00,1618626540000,6776736.0,6781522.0,6776736.0,6780982.0,6.32
2021-04-17 02:30:00,1618626600000,6780012.0,6783000.0,6778623.0,6778927.0,7.72
2021-04-17 02:31:00,1618626660000,6777657.0,6777657.0,6770586.0,6770710.0,6.6
2021-04-17 02:32:00,1618626720000,6771602.0,6774444.0,6769497.0,6770481.0,2.8
2021-04-17 02:33:00,1618626780000,6769327.0,6772000.0,6768152.0,6771783.0,1.66
2021-04-17 02:34:00,1618626840000,6770354.0,6772537.0,6768255.0,6768357.0,1.86
2021-04-17 02:35:00,1618626900000,6768456.0,6780939.0,6768456.0,6779481.0,12.65
2021-04-17 02:36:00,1618626960000,6781636.0,6782981.0,6774813.0,6779072.0,9.6
2021-04-17 02:37:00,1618627020000,6779083.0,6783885.0,6776663.0,6777644.0,5.68
2021-04-17 02:38:00,1618627080000,6778219.0,6782453.0,6778219.0,6782453.0,1.74
2021-04-17 02:39:00,1618627140000,6781468.0,6787306.0,6780245.0,6783543.0,3.62
2021-04-17 02:40:00,1618627200000,6784270.0,6785702.0,6779560.0,6780000.0,2.18
2021-04-17 02:41:00,1618627260000,6780000.0,6784271.0,6778193.0,6780270.0,4.68
2021-04-17 02:42:00,1618627320000,6779605.0,6785601.0,6778054.0,6784332.0,2.78
2021-04-17 02:43:00,1618627380000,6785689.0,6785990.0,6784219.0,6784328.0,0.9
2021-04-17 02:44:00,1618627440000,6784328.0,6785598.0,6778908.0,6783841.0,5.03
2021-04-17 02:45:00,1618627500000,6783841.0,6787240.0,6781655.0,6781655.0,4.24
2021-04-17 02:46:00,1618627560000,6782332.0,6783012.0,6777522.0,6778528.0,2.48
2021-04-17 02:47:00,1618627620000,6778415.0,6779192.0,6775611.0,6775611.0,2.92
2021-04-17 02:48:00,1618627680000,6776447.0,6781289.0,6776447.0,6777174.0,4.49
2021-04-17 02:49:00,1618627740000,6777351.0,6777590.0,6773389.0,6773389.0,2.56
2021-04-17 02:50:00,1618627800000,6773583.0,6779266.0,6772135.0,6776758.0,4.66
2021-04-17 02:51:00,1618627860000,6776337.0,6778249.0,6774901.0,6778149.0,4.94
2021-04-17 02:52:00,1618627920000,6777167.0,6779470.0,6776809.0,6779470.0,1.52
2021-04-17 02:53:00,1618627980000,6779470.0,6783247.0,6779470.0,6781226.0,1.0
2021-04-17 02:54:00,1618628040000,6783253.0,6784973.0,6779583.0,6783126.0,4.14
2021-04-17 02:55:00,1618628100000,6783126.0,6784566.0,6775512.0,6778109.0,6.08
2021-04-17 02:56:00,1618628160000,6778099.0,6781999.0,6777212.0,6777312.0,2.48
2021-04-17 02:57:00,1618628220000,6776604.0,6778789.0,6774495.0,6774495.0,1.95
2021-04-17 02:58:00,1618628280000,6775001.0,6776445.0,6772704.0,6772704.0,1.64
2021-04-17 02:59:00,1618628340000,6772704.0,6776097.0,6772464.0,6775100.0,0.94
2021-04-17 03:00:00,1618628400000,6775200.0,6781935.0,6773631.0,6778045.0,6.5
2021-04-17 03:01:00,1618628460000,6778279.0,6778661.0,6774245.0,6777055.0,2.78
2021-04-17 03:02:00,1618628520000,6774405.0,6777960.0,6774043.0,6774055.0,2.62
2021-04-17 03:03:00,1618628580000,6773540.0,6776000.0,6771421.0,6773852.0,1.74
2021-04-17 03:04:00,1618628640000,6773870.0,6775716.0,6768966.0,6770242.0,4.5
2021-04-17 03:05:00,1618628700000,6770196.0,6774840.0,6768114.0,6768993.0,7.16
2021-04-17 03:06:00,1618628760000,6769999.0,6774414.0,6766895.0,6767978.0,3.44
2021-04-17 03:07:00,1618628820000,6768495.0,6771724.0,6763085.0,6766723.0,6.46
2021-04-17 03:08:00,1618628880000,6766000.0,6769533.0,6764913.0,6765013.0,2.56
2021-04-17 03:09:00,1618628940000,6765013.0,6765550.0,6761363.0,6762852.0,4.54
2021-04-17 03:10:00,1618629000000,6762849.0,6767885.0,6762849.0,6763609.0,2.54
2021-04-17 03:11:00,1618629060000,6762393.0,6766226.0,6761020.0,6762892.0,3.62
2021-04-17 03:12:00,1618629120000,6762905.0,6767000.0,6762211.0,6766371.0,1.12
2021-04-17 03:13:00,1618629180000,6766372.0,6769135.0,6766372.0,6768203.0,0.54
2021-04-17 03:14:00,1618629240000,6767641.0,6769000.0,6765889.0,6768944.0,1.2
2021-04-17 03:15:00,1618629300000,6768670.0,6773228.0,6767797.0,6770460.0,1.96
2021-04-17 03:16:00,1618629360000,6771553.0,6772925.0,6770450.0,6772804.0,0.7
2021-04-17 03:17:00,1618629420000,6772253.0,6772253.0,6770316.0,6771223.0,0.7
2021-04-17 03:18:00,1618629480000,6770122.0,6776839.0,6770122.0,6772715.0,8.97
2021-04-17 03:19:00,1618629540000,6772376.0,6777928.0,6769467.0,6771998.0,10.18
2021-04-17 03:20:00,1618629600000,6773334.0,6776774.0,6773156.0,6775416.0,2.3
2021-04-17 03:21:00,1618629660000,6775390.0,6775390.0,6767330.0,6774326.0,6.6
2021-04-17 03:22:00,1618629720000,6772270.0,6772627.0,6766434.0,6770000.0,2.12
2021-04-17 03:23:00,1618629780000,6770000.0,6772039.0,6767131.0,6767696.0,1.96
2021-04-17 03:24:00,1618629840000,6769114.0,6769114.0,6765870.0,6765870.0,0.32
2021-04-17 03:25:00,1618629900000,6767661.0,6775588.0,6767661.0,6775588.0,4.84
2021-04-17 03:26:00,1618629960000,6776138.0,6778181.0,6769000.0,6771051.0,4.86
2021-04-17 03:27:00,1618630020000,6770354.0,6773260.0,6767154.0,6770687.0,4.02
2021-04-17 03:28:00,1618630080000,6771801.0,6777018.0,6770859.0,6775700.0,2.38
2021-04-17 03:29:00,1618630140000,6775593.0,6777593.0,6773769.0,6775557.0,2.06
2021-04-17 03:30:00,1618630200000,6774680.0,6780416.0,6773429.0,6780216.0,3.42
2021-04-17 03:31:00,1618630260000,6778724.0,6779868.0,6776950.0,6779805.0,1.53
2021-04-17 03:32:00,1618630320000,6780413.0,6784152.0,6776749.0,6777378.0,6.11
2021-04-17 03:33:00,1618630380000,6778276.0,6783170.0,6778266.0,6781000.0,3.08
2021-04-17 03:34:00,1618630440000,6781000.0,6781001.0,6777542.0,6779924.0,1.34
2021-04-17 03:35:00,1618630500000,6780452.0,6783644.0,6780451.0,6782851.0,1.34
2021-04-17 03:36:00,1618630560000,6783856.0,6785746.0,6780669.0,6784042.0,4.04
2021-04-17 03:37:00,1618630620000,6784808.0,6787469.0,6782926.0,6786593.0,3.34
2021-04-17 03:38:00,1618630680000,6785518.0,6791697.0,6785518.0,6791491.0,3.36
2021-04-17 03:39:00,1618630740000,6791328.0,6792500.0,6785923.0,6787237.0,5.1
2021-04-17 03:40:00,1618630800000,6787278.0,6790746.0,6786748.0,6789454.0,1.4
2021-04-17 03:41:00,1618630860000,6789455.0,6792500.0,6788644.0,6791490.0,2.44
2021-04-17 03:42:00,1618630920000,6792236.0,6794990.0,6789966.0,6794990.0,4.16
2021-04-17 03:43:00,1618630980000,6794089.0,6797385.0,6793262.0,6795678.0,6.15
2021-04-17 03:44:00,1618631040000,6795951.0,6818600.0,6795678.0,6804642.0,15.72
2021-04-17 03:45:00,1618631100000,6804605.0,6809060.0,6799329.0,6799329.0,12.1
2021-04-17 03:46:00,1618631160000,6799122.0,6799633.0,6792700.0,6795716.0,5.94
2021-04-17 03:47:00,1618631220000,6795315.0,6798013.0,6794501.0,6794684.0,0.84
2021-04-17 03:48:00,1618631280000,6794501.0,6794501.0,6790940.0,6790940.0,1.88
2021-04-17 03:49:00,1618631340000,6792900.0,6798486.0,6792900.0,6796214.0,9.72
2021-04-17 03:50:00,1618631400000,6796592.0,6796592.0,6790750.0,6792761.0,5.52
2021-04-17 03:51:00,1618631460000,6793991.0,6794133.0,6791300.0,6792282.0,1.5
2021-04-17 03:52:00,1618631520000,6791730.0,6792216.0,6788400.0,6789408.0,1.22
2021-04-17 03:53:00,1618631580000,6788100.0,6791136.0,6788100.0,6788200.0,1.73
2021-04-17 03:54:00,1618631640000,6789843.0,6792891.0,6789841.0,6791967.0,4.92
2021-04-17 03:55:00,1618631700000,6792668.0,6792669.0,6790000.0,6791462.0,2.38
2021-04-17 03:56:00,1618631760000,6790000.0,6793149.0,6789092.0,6793149.0,1.84
2021-04-17 03:57:00,1618631820000,6790762.0,6796164.0,6790304.0,6793971.0,2.14
2021-04-17 03:58:00,1618631880000,6793971.0,6794250.0,6790584.0,6794250.0,1.68
2021-04-17 03:59:00,1618631940000,6795305.0,6799296.0,6793259.0,6795164.0,7.84
2021-04-17 04:00:00,1618632000000,6796299.0,6800000.0,6795147.0,6797018.0,5.36
2021-04-17 04:01:00,1618632060000,6799338.0,6799987.0,6791973.0,6791973.0,13.02
2021-04-17 04:02:00,1618632120000,6791858.0,6798911.0,6790509.0,6798399.0,9.72
2021-04-17 04:03:00,1618632180000,6798599.0,6803057.0,6798004.0,6801200.0,5.36
2021-04-17 04:04:00,1618632240000,6801002.0,6801200.0,6792100.0,6794223.0,4.2
2021-04-17 04:05:00,1618632300000,6794008.0,6794449.0,6790246.0,6791773.0,1.4
2021-04-17 04:06:00,1618632360000,6791733.0,6792405.0,6787436.0,6790087.0,2.18
2021-04-17 04:07:00,1618632420000,6788908.0,6793665.0,6787533.0,6793665.0,1.98
2021-04-17 04:08:00,1618632480000,6794344.0,6798378.0,6789965.0,6790000.0,3.2
2021-04-17 04:09:00,1618632540000,6790000.0,6790000.0,6783117.0,6783117.0,4.36
2021-04-17 04:10:00,1618632600000,6783032.0,6784561.0,6780611.0,6783420.0,3.02
2021-04-17 04:11:00,1618632660000,6781834.0,6783141.0,6777503.0,6783141.0,8.4
2021-04-17 04:12:00,1618632720000,6781105.0,6782898.0,6779300.0,6782327.0,2.31
2021-04-17 04:13:00,1618632780000,6782441.0,6782441.0,6781611.0,6781612.0,0.68
2021-04-17 04:14:00,1618632840000,6781612.0,6782341.0,6775700.0,6780210.0,8.41
2021-04-17 04:15:00,1618632900000,6780213.0,6784994.0,6780150.0,6784894.0,2.56
2021-04-17 04:16:00,1618632960000,6784883.0,6785000.0,6782912.0,6785000.0,1.54
2021-04-17 04:17:00,1618633020000,6785000.0,6787500.0,6785000.0,6786574.0,2.96
2021-04-17 04:18:00,1618633080000,6786271.0,6786284.0,6786271.0,6786284.0,0.04
2021-04-17 04:19:00,1618633140000,6788408.0,6789980.0,6786384.0,6789100.0,2.94
2021-04-17 04:20:00,1618633200000,6789038.0,6790038.0,6778549.0,6778693.0,4.16
2021-04-17 04:21:00,1618633260000,6779536.0,6789335.0,6779516.0,6789335.0,3.9
2021-04-17 04:22:00,1618633320000,6789135.0,6789243.0,6787271.0,6787450.0,0.3
2021-04-17 04:23:00,1618633380000,6787436.0,6790999.0,6786810.0,6790793.0,1.62
2021-04-17 04:24:00,1618633440000,6790793.0,6791766.0,6784802.0,6788426.0,4.42
2021-04-17 04:25:00,1618633500000,6788454.0,6788454.0,6781169.0,6783414.0,2.1
2021-04-17 04:26:00,1618633560000,6783413.0,6784097.0,6772184.0,6774565.0,5.74
2021-04-17 04:27:00,1618633620000,6774274.0,6780300.0,6774274.0,6777826.0,6.18
2021-04-17 04:28:00,1618633680000,6776539.0,6781701.0,6776507.0,6781701.0,0.78
2021-04-17 04:29:00,1618633740000,6780604.0,6781707.0,6776415.0,6777470.0,2.9
2021-04-17 04:30:00,1618633800000,6777036.0,6777546.0,6774901.0,6774901.0,0.72
2021-04-17 04:31:00,1618633860000,6774729.0,6775712.0,6773058.0,6773258.0,1.14
2021-04-17 04:32:00,1618633920000,6773158.0,6773170.0,6770497.0,6773045.0,1.6
2021-04-17 04:33:00,1618633980000,6773045.0,6777616.0,6772562.0,6773426.0,2.4
2021-04-17 04:34:00,1618634040000,6773426.0,6778105.0,6773426.0,6777777.0,0.62
2021-04-17 04:35:00,1618634100000,6775954.0,6782055.0,6775106.0,6779919.0,1.98
2021-04-17 04:36:00,1618634160000,6779383.0,6781992.0,6779383.0,6781680.0,0.26
2021-04-17 04:37:00,1618634220000,6781698.0,6782695.0,6780326.0,6780850.0,0.95
2021-04-17 04:38:00,1618634280000,6781504.0,6784095.0,6777237.0,6777237.0,3.04
2021-04-17 04:39:00,1618634340000,6777793.0,6780578.0,6777792.0,6778056.0,1.74
2021-04-17 04:40:00,1618634400000,6780329.0,6782917.0,6779612.0,6782817.0,1.6
2021-04-17 04:41:00,1618634460000,6782855.0,6784553.0,6779380.0,6784388.0,2.36
2021-04-17 04:42:00,1618634520000,6783302.0,6783302.0,6777479.0,6779546.0,1.36
2021-04-17 04:43:00,1618634580000,6779315.0,6780179.0,6770610.0,6773046.0,2.04
2021-04-17 04:44:00,1618634640000,6773057.0,6773412.0,6765200.0,6767074.0,5.18
2021-04-17 04:45:00,1618634700000,6767931.0,6772341.0,6767105.0,6771229.0,3.58
2021-04-17 04:46:00,1618634760000,6772353.0,6774376.0,6767430.0,6770242.0,4.62
2021-04-17 04:47:00,1618634820000,6769256.0,6772690.0,6767539.0,6771928.0,2.38
2021-04-17 04:48:00,1618634880000,6770678.0,6775230.0,6770673.0,6773248.0,0.68
2021-04-17 04:49:00,1618634940000,6773248.0,6774656.0,6769903.0,6773890.0,2.49
2021-04-17 04:50:00,1618635000000,6773569.0,6775309.0,6772722.0,6775279.0,0.64
2021-04-17 04:51:00,1618635060000,6773433.0,6776359.0,6771703.0,6771703.0,1.12
2021-04-17 04:52:00,1618635120000,6771143.0,6774265.0,6768423.0,6772050.0,2.76
2021-04-17 04:53:00,1618635180000,6772813.0,6774021.0,6770626.0,6772215.0,0.46
2021-04-17 04:54:00,1618635240000,6773800.0,6775775.0,6769361.0,6769361.0,1.44
2021-04-17 04:55:00,1618635300000,6769206.0,6772022.0,6766100.0,6772022.0,3.1
2021-04-17 04:56:00,1618635360000,6770845.0,6775631.0,6770845.0,6773237.0,1.6
2021-04-17 04:57:00,1618635420000,6772503.0,6775000.0,6772450.0,6774626.0,0.58
2021-04-17 04:58:00,1618635480000,6774643.0,6779035.0,6774625.0,6777759.0,4.0
2021-04-17 04:59:00,1618635540000,6775279.0,6777782.0,6773612.0,6775908.0,2.82
2021-04-17 05:00:00,1618635600000,6776131.0,6776877.0,6772486.0,6776311.0,2.24
2021-04-17 05:01:00,1618635660000,6777418.0,6777418.0,6774560.0,6774560.0,0.22
2021-04-17 05:02:00,1618635720000,6775237.0,6775978.0,6772580.0,6773720.0,0.84
2021-04-17 05:03:00,1618635780000,6773845.0,6778066.0,6773845.0,6775530.0,1.12
2021-04-17 05:04:00,1618635840000,6775012.0,6776908.0,6772019.0,6772326.0,1.02
2021-04-17 05:05:00,1618635900000,6773998.0,6773998.0,6770546.0,6770879.0,0.82
2021-04-17 05:06:00,1618635960000,6770879.0,6771000.0,6770769.0,6771000.0,1.02
2021-04-17 05:07:00,1618636020000,6771000.0,6774534.0,6771000.0,6772971.0,1.66
2021-04-17 05:08:00,1618636080000,6773351.0,6775708.0,6770929.0,6771062.0,2.0
2021-04-17 05:09:00,1618636140000,6771126.0,6775249.0,6769824.0,6775196.0,2.52
2021-04-17 05:10:00,1618636200000,6775998.0,6776434.0,6771338.0,6771338.0,1.76
2021-04-17 05:11:00,1618636260000,6771350.0,6773330.0,6769413.0,6772289.0,3.52
2021-04-17 05:12:00,1618636320000,6770460.0,6774402.0,6769000.0,6771298.0,3.02
2021-04-17 05:13:00,1618636380000,6770804.0,6774000.0,6763552.0,6772290.0,12.28
2021-04-17 05:14:00,1618636440000,6772846.0,6774189.0,6768911.0,6769635.0,2.82
2021-04-17 05:15:00,1618636500000,6770326.0,6771571.0,6767365.0,6769000.0,1.58
2021-04-17 05:16:00,1618636560000,6768976.0,6770925.0,6765241.0,6768081.0,2.62
2021-04-17 05:17:00,1618636620000,6768081.0,6768907.0,6765036.0,6768250.0,2.4
2021-04-17 05:18:00,1618636680000,6765712.0,6770054.0,6761187.0,6762298.0,8.88
2021-04-17 05:19:00,1618636740000,6762508.0,6763749.0,6754300.0,6757775.0,12.82
2021-04-17 05:20:00,1618636800000,6757776.0,6758270.0,6754741.0,6755167.0,1.32
2021-04-17 05:21:00,1618636860000,6757416.0,6763000.0,6755501.0,6760103.0,10.51
2021-04-17 05:22:00,1618636920000,6761465.0,6764288.0,6760400.0,6764287.0,2.39
2021-04-17 05:23:00,1618636980000,6761723.0,6763184.0,6756501.0,6760409.0,6.39
2021-04-17 05:24:00,1618637040000,6759813.0,6767188.0,6759717.0,6766661.0,3.94
2021-04-17 05:25:00,1618637100000,6767607.0,6768269.0,6765000.0,6767531.0,1.62
2021-04-17 05:26:00,1618637160000,6765847.0,6768330.0,6764809.0,6766621.0,1.58
2021-04-17 05:27:00,1618637220000,6768090.0,6769130.0,6764919.0,6764919.0,0.5
2021-04-17 05:28:00,1618637280000,6762716.0,6763800.0,6759491.0,6762790.0,2.06
2021-04-17 05:29:00,1618637340000,6761242.0,6764948.0,6761242.0,6764948.0,0.58
2021-04-17 05:30:00,1618637400000,6764299.0,6764299.0,6760309.0,6761651.0,3.42
2021-04-17 05:31:00,1618637460000,6762000.0,6763880.0,6761001.0,6763859.0,1.86
2021-04-17 05:32:00,1618637520000,6762530.0,6764000.0,6759728.0,6763359.0,2.06
2021-04-17 05:33:00,1618637580000,6763480.0,6769045.0,6763480.0,6767202.0,2.04
2021-04-17 05:34:00,1618637640000,6768832.0,6776649.0,6768575.0,6776649.0,4.08
2021-04-17 05:35:00,1618637700000,6776850.0,6782889.0,6776662.0,6780755.0,6.08
2021-04-17 05:36:00,1618637760000,6782224.0,6782224.0,6777271.0,6777271.0,2.36
2021-04-17 05:37:00,1618637820000,6778543.0,6779949.0,6773654.0,6773654.0,1.58
2021-04-17 05:38:00,1618637880000,6774595.0,6776677.0,6770509.0,6772004.0,1.81
2021-04-17 05:39:00,1618637940000,6772004.0,6772004.0,6768147.0,6770081.0,1.88
2021-04-17 05:40:00,1618638000000,6771207.0,6778244.0,6771045.0,6778044.0,3.16
2021-04-17 05:41:00,1618638060000,6779044.0,6780059.0,6775073.0,6775073.0,3.4
2021-04-17 05:42:00,1618638120000,6776138.0,6783226.0,6776045.0,6782755.0,2.98
2021-04-17 05:43:00,1618638180000,6782332.0,6788035.0,6777667.0,6784587.0,7.24
2021-04-17 05:44:00,1618638240000,6785861.0,6786450.0,6780019.0,6781796.0,3.08
2021-04-17 05:45:00,1618638300000,6781811.0,6786875.0,6780119.0,6785847.0,2.22
2021-04-17 05:46:00,1618638360000,6786900.0,6789158.0,6785131.0,6786373.0,1.9
2021-04-17 05:47:00,1618638420000,6788968.0,6789146.0,6783759.0,6785024.0,1.28
2021-04-17 05:48:00,1618638480000,6786416.0,6788568.0,6784313.0,6785742.0,1.96
2021-04-17 05:49:00,1618638540000,6785711.0,6786289.0,6780735.0,6785648.0,1.36
2021-04-17 05:50:00,1618638600000,6786367.0,6787667.0,6784022.0,6784022.0,0.64
2021-04-17 05:51:00,1618638660000,6783778.0,6783778.0,6778389.0,6780425.0,3.16
2021-04-17 05:52:00,1618638720000,6780626.0,6780626.0,6777021.0,6779403.0,1.62
2021-04-17 05:53:00,1618638780000,6779000.0,6779182.0,6778013.0,6779019.0,0.32
2021-04-17 05:54:00,1618638840000,6779105.0,6780570.0,6772774.0,6776055.0,3.98
2021-04-17 05:55:00,1618638900000,6776044.0,6776044.0,6771212.0,6772930.0,0.62
2021-04-17 05:56:00,1618638960000,6772781.0,6774722.0,6770547.0,6772978.0,0.9
2021-04-17 05:57:00,1618639020000,6773659.0,6775845.0,6773659.0,6774873.0,0.56
2021-04-17 05:58:00,1618639080000,6775017.0,6775259.0,6770000.0,6770000.0,2.22
2021-04-17 05:59:00,1618639140000,6771525.0,6775707.0,6769146.0,6775707.0,1.46
2021-04-17 06:00:00,1618639200000,6775383.0,6778617.0,6769827.0,6769827.0,3.88
2021-04-17 06:01:00,1618639260000,6771222.0,6771462.0,6770021.0,6770155.0,0.76
2021-04-17 06:02:00,1618639320000,6770156.0,6773000.0,6769072.0,6770569.0,0.98
2021-04-17 06:03:00,1618639380000,6771648.0,6771649.0,6768585.0,6768585.0,0.78
2021-04-17 06:04:00,1618639440000,6768585.0,6769558.0,6765438.0,6767260.0,2.32
2021-04-17 06:05:00,1618639500000,6767910.0,6769843.0,6765550.0,6769843.0,2.36
2021-04-17 06:06:00,1618639560000,6769848.0,6771689.0,6766765.0,6766765.0,1.9
2021-04-17 06:07:00,1618639620000,6766752.0,6766752.0,6761143.0,6765151.0,3.66
2021-04-17 06:08:00,1618639680000,6763472.0,6766331.0,6760000.0,6765137.0,5.46
2021-04-17 06:09:00,1618639740000,6764526.0,6765606.0,6755642.0,6758808.0,6.06
2021-04-17 06:10:00,1618639800000,6758802.0,6759833.0,6749004.0,6755682.0,9.76
2021-04-17 06:11:00,1618639860000,6754981.0,6754981.0,6746205.0,6750280.0,10.14
2021-04-17 06:12:00,1618639920000,6748614.0,6754620.0,6746774.0,6753979.0,4.78
2021-04-17 06:13:00,1618639980000,6754720.0,6758097.0,6753125.0,6757767.0,2.42
2021-04-17 06:14:00,1618640040000,6758068.0,6759317.0,6752317.0,6757785.0,4.36
2021-04-17 06:15:00,1618640100000,6757958.0,6761921.0,6757061.0,6761850.0,2.02
2021-04-17 06:16:00,1618640160000,6763280.0,6765815.0,6762028.0,6764435.0,1.36
2021-04-17 06:17:00,1618640220000,6764441.0,6765000.0,6762759.0,6765000.0,0.8
2021-04-17 06:18:00,1618640280000,6764052.0,6766643.0,6759484.0,6763383.0,3.86
2021-04-17 06:19:00,1618640340000,6763246.0,6764621.0,6761000.0,6762980.0,1.44
2021-04-17 06:20:00,1618640400000,6761421.0,6761421.0,6755611.0,6757446.0,2.1
2021-04-17 06:21:00,1618640460000,6758968.0,6763083.0,6755168.0,6760101.0,3.98
2021-04-17 06:22:00,1618640520000,6758675.0,6758675.0,6749731.0,6752977.0,2.96
2021-04-17 06:23:00,1618640580000,6752581.0,6756056.0,6747959.0,6749531.0,3.12
2021-04-17 06:24:00,1618640640000,6749000.0,6751251.0,6745114.0,6746708.0,2.7
2021-04-17 06:25:00,1618640700000,6746900.0,6753137.0,6746900.0,6751147.0,1.54
2021-04-17 06:26:00,1618640760000,6752559.0,6752841.0,6748923.0,6749790.0,2.42
2021-04-17 06:27:00,1618640820000,6749157.0,6753709.0,6749157.0,6751080.0,1.04
2021-04-17 06:28:00,1618640880000,6749991.0,6752087.0,6747485.0,6752087.0,2.1
2021-04-17 06:29:00,1618640940000,6753279.0,6756068.0,6753279.0,6755574.0,0.98
2021-04-17 06:30:00,1618641000000,6756563.0,6761621.0,6755970.0,6761621.0,1.74
2021-04-17 06:31:00,1618641060000,6761135.0,6762280.0,6755101.0,6757281.0,1.9
2021-04-17 06:32:00,1618641120000,6758998.0,6762004.0,6757961.0,6760606.0,1.78
2021-04-17 06:33:00,1618641180000,6759554.0,6760363.0,6755250.0,6757711.0,2.0
2021-04-17 06:34:00,1618641240000,6759412.0,6761956.0,6758776.0,6758776.0,0.58
2021-04-17 06:35:00,1618641300000,6760703.0,6760704.0,6757114.0,6757114.0,0.24
2021-04-17 06:36:00,1618641360000,6758573.0,6763033.0,6756853.0,6761970.0,4.64
2021-04-17 06:37:00,1618641420000,6761221.0,6764982.0,6761221.0,6764982.0,0.96
2021-04-17 06:38:00,1618641480000,6765000.0,6766505.0,6758706.0,6759570.0,3.56
2021-04-17 06:39:00,1618641540000,6759821.0,6764207.0,6759821.0,6761483.0,1.04
2021-04-17 06:40:00,1618641600000,6761221.0,6766207.0,6761014.0,6765957.0,1.98
2021-04-17 06:41:00,1618641660000,6766628.0,6767175.0,6764538.0,6766877.0,0.66
2021-04-17 06:42:00,1618641720000,6767704.0,6768046.0,6761802.0,6767319.0,2.52
2021-04-17 06:43:00,1618641780000,6767319.0,6767319.0,6762143.0,6762143.0,1.12
2021-04-17 06:44:00,1618641840000,6763469.0,6766517.0,6761522.0,6761522.0,1.76
2021-04-17 06:45:00,1618641900000,6761525.0,6767754.0,6760784.0,6765226.0,1.08
2021-04-17 06:46:00,1618641960000,6764567.0,6766033.0,6764009.0,6766033.0,0.1
2021-04-17 06:47:00,1618642020000,6764242.0,6767400.0,6764059.0,6765729.0,0.38
2021-04-17 06:48:00,1618642080000,6765420.0,6767553.0,6765420.0,6767542.0,0.24
2021-04-17 06:49:00,1618642140000,6767996.0,6770345.0,6765432.0,6765432.0,0.58
2021-04-17 06:50:00,1618642200000,6765007.0,6768325.0,6765007.0,6767998.0,0.66
2021-04-17 06:51:00,1618642260000,6766165.0,6768774.0,6765892.0,6768582.0,1.18
2021-04-17 06:52:00,1618642320000,6768794.0,6773000.0,6768074.0,6768788.0,3.14
2021-04-17 06:53:00,1618642380000,6768085.0,6769790.0,6767600.0,6768599.0,0.64
2021-04-17 06:54:00,1618642440000,6769528.0,6771550.0,6764635.0,6764635.0,2.36
2021-04-17 06:55:00,1618642500000,6764855.0,6764855.0,6761089.0,6761891.0,0.78
2021-04-17 06:56:00,1618642560000,6761890.0,6764100.0,6761158.0,6761158.0,0.8
2021-04-17 06:57:00,1618642620000,6761834.0,6761834.0,6757500.0,6758908.0,1.38
2021-04-17 06:58:00,1618642680000,6759048.0,6759900.0,6758786.0,6759285.0,0.88
2021-04-17 06:59:00,1618642740000,6759889.0,6764360.0,6759889.0,6762436.0,1.36
2021-04-17 07:00:00,1618642800000,6763736.0,6763736.0,6757826.0,6759076.0,2.28
2021-04-17 07:01:00,1618642860000,6759330.0,6759330.0,6755564.0,6758240.0,2.22
2021-04-17 07:02:00,1618642920000,6759540.0,6765152.0,6759401.0,6765152.0,2.68
2021-04-17 07:03:00,1618642980000,6765849.0,6771271.0,6765849.0,6771271.0,1.44
2021-04-17 07:04:00,1618643040000,6772331.0,6774830.0,6768184.0,6774717.0,3.84
2021-04-17 07:05:00,1618643100000,6774717.0,6778303.0,6772501.0,6778003.0,1.86
2021-04-17 07:06:00,1618643160000,6778004.0,6781684.0,6777016.0,6780599.0,0.58
2021-04-17 07:07:00,1618643220000,6780598.0,6781505.0,6776147.0,6780544.0,7.1
2021-04-17 07:08:00,1618643280000,6781309.0,6784039.0,6779629.0,6781739.0,1.82
2021-04-17 07:09:00,1618643340000,6781020.0,6781689.0,6774193.0,6774570.0,3.04
2021-04-17 07:10:00,1618643400000,6774142.0,6787792.0,6774142.0,6785596.0,5.72
2021-04-17 07:11:00,1618643460000,6785452.0,6786108.0,6776339.0,6777359.0,6.0
2021-04-17 07:12:00,1618643520000,6776123.0,6780000.0,6773342.0,6778555.0,4.98
2021-04-17 07:13:00,1618643580000,6776860.0,6779884.0,6771857.0,6771857.0,4.54
2021-04-17 07:14:00,1618643640000,6772875.0,6779000.0,6772688.0,6779000.0,4.12
2021-04-17 07:15:00,1618643700000,6779010.0,6784140.0,6777621.0,6780350.0,4.46
2021-04-17 07:16:00,1618643760000,6781989.0,6783000.0,6778706.0,6781067.0,2.2
2021-04-17 07:17:00,1618643820000,6781026.0,6783023.0,6777720.0,6777775.0,1.04
2021-04-17 07:18:00,1618643880000,6777720.0,6778555.0,6775071.0,6777392.0,1.1
2021-04-17 07:19:00,1618643940000,6777425.0,6782678.0,6774700.0,6777983.0,4.68
2021-04-17 07:20:00,1618644000000,6776001.0,6779454.0,6774289.0,6775710.0,2.04
2021-04-17 07:21:00,1618644060000,6775706.0,6779569.0,6769700.0,6772985.0,6.22
2021-04-17 07:22:00,1618644120000,6771952.0,6772030.0,6767515.0,6767515.0,2.28
2021-04-17 07:23:00,1618644180000,6767254.0,6769890.0,6766837.0,6768394.0,1.84
2021-04-17 07:24:00,1618644240000,6768096.0,6777000.0,6768096.0,6774465.0,3.74
2021-04-17 07:25:00,1618644300000,6774964.0,6776248.0,6766887.0,6768595.0,1.78
2021-04-17 07:26:00,1618644360000,6769144.0,6769664.0,6763460.0,6764473.0,5.56
2021-04-17 07:27:00,1618644420000,6764439.0,6767599.0,6763304.0,6766699.0,2.68
2021-04-17 07:28:00,1618644480000,6766490.0,6766500.0,6763101.0,6765012.0,1.64
2021-04-17 07:29:00,1618644540000,6766760.0,6766959.0,6765000.0,6765094.0,2.74
2021-04-17 07:30:00,1618644600000,6764000.0,6766205.0,6761914.0,6761914.0,1.16
2021-04-17 07:31:00,1618644660000,6761908.0,6762220.0,6757000.0,6758952.0,4.99
2021-04-17 07:32:00,1618644720000,6759505.0,6764584.0,6759394.0,6762909.0,1.77
2021-04-17 07:33:00,1618644780000,6762909.0,6765600.0,6758918.0,6761422.0,6.78
2021-04-17 07:34:00,1618644840000,6762419.0,6764904.0,6761261.0,6764579.0,1.34
2021-04-17 07:35:00,1618644900000,6764792.0,6767000.0,6762765.0,6767000.0,0.98
2021-04-17 07:36:00,1618644960000,6767000.0,6769975.0,6767000.0,6768010.0,3.26
2021-04-17 07:37:00,1618645020000,6768970.0,6769618.0,6763999.0,6767782.0,2.22
2021-04-17 07:38:00,1618645080000,6767448.0,6770000.0,6766337.0,6769602.0,2.84
2021-04-17 07:39:00,1618645140000,6769598.0,6780535.0,6769598.0,6780535.0,6.18
2021-04-17 07:40:00,1618645200000,6779277.0,6783200.0,6778430.0,6779584.0,4.86
2021-04-17 07:41:00,1618645260000,6779643.0,6783336.0,6779157.0,6781324.0,2.04
2021-04-17 07:42:00,1618645320000,6780550.0,6783602.0,6778166.0,6782621.0,4.54
2021-04-17 07:43:00,1618645380000,6782752.0,6786545.0,6782723.0,6783200.0,1.36
2021-04-17 07:44:00,1618645440000,6783200.0,6784772.0,6780225.0,6784772.0,2.5
2021-04-17 07:45:00,1618645500000,6784772.0,6789530.0,6783913.0,6786964.0,1.04
2021-04-17 07:46:00,1618645560000,6786901.0,6790000.0,6782307.0,6784552.0,6.34
2021-04-17 07:47:00,1618645620000,6785796.0,6789740.0,6784181.0,6789363.0,1.56
2021-04-17 07:48:00,1618645680000,6789635.0,6789635.0,6783564.0,6787797.0,3.82
2021-04-17 07:49:00,1618645740000,6787366.0,6788000.0,6780134.0,6781121.0,2.04
2021-04-17 07:50:00,1618645800000,6783155.0,6785276.0,6778902.0,6779872.0,1.32
2021-04-17 07:51:00,1618645860000,6778902.0,6778922.0,6775335.0,6775335.0,5.48
2021-04-17 07:52:00,1618645920000,6775516.0,6780880.0,6775155.0,6780847.0,1.52
2021-04-17 07:53:00,1618645980000,6781123.0,6781849.0,6776951.0,6776951.0,1.98
2021-04-17 07:54:00,1618646040000,6777217.0,6779055.0,6776123.0,6777039.0,1.6
2021-04-17 07:55:00,1618646100000,6777270.0,6777805.0,6773916.0,6775894.0,5.3
2021-04-17 07:56:00,1618646160000,6774279.0,6776679.0,6772739.0,6774177.0,1.84
2021-04-17 07:57:00,1618646220000,6773289.0,6774017.0,6772307.0,6774017.0,0.3
2021-04-17 07:58:00,1618646280000,6772351.0,6772553.0,6768790.0,6770539.0,5.38
2021-04-17 07:59:00,1618646340000,6770800.0,6772056.0,6769230.0,6771946.0,2.46
2021-04-17 08:00:00,1618646400000,6772056.0,6780692.0,6771944.0,6778800.0,5.9
2021-04-17 08:01:00,1618646460000,6780790.0,6789587.0,6778914.0,6780546.0,16.57
2021-04-17 08:02:00,1618646520000,6780489.0,6790000.0,6777475.0,6785851.0,34.8
2021-04-17 08:03:00,1618646580000,6785780.0,6787000.0,6780143.0,6784203.0,4.28
2021-04-17 08:04:00,1618646640000,6783187.0,6786187.0,6779210.0,6779217.0,3.36
2021-04-17 08:05:00,1618646700000,6779210.0,6780119.0,6773854.0,6775659.0,6.68
2021-04-17 08:06:00,1618646760000,6775482.0,6776780.0,6772236.0,6774548.0,0.76
2021-04-17 08:07:00,1618646820000,6772983.0,6778162.0,6771657.0,6778162.0,3.02
2021-04-17 08:08:00,1618646880000,6777735.0,6778256.0,6774741.0,6776398.0,2.48
2021-04-17 08:09:00,1618646940000,6776553.0,6777573.0,6774116.0,6775514.0,1.18
2021-04-17 08:10:00,1618647000000,6775600.0,6776791.0,6773541.0,6773541.0,1.5
2021-04-17 08:11:00,1618647060000,6775021.0,6775107.0,6772922.0,6773321.0,1.26
2021-04-17 08:12:00,1618647120000,6773000.0,6776313.0,6772998.0,6773600.0,1.24
2021-04-17 08:13:00,1618647180000,6773798.0,6774240.0,6770000.0,6772400.0,1.74
2021-04-17 08:14:00,1618647240000,6772557.0,6780525.0,6772557.0,6775159.0,8.88
2021-04-17 08:15:00,1618647300000,6776675.0,6781883.0,6775259.0,6778450.0,3.28
2021-04-17 08:16:00,1618647360000,6779305.0,6785529.0,6778519.0,6780598.0,6.44
2021-04-17 08:17:00,1618647420000,6783056.0,6784760.0,6781112.0,6782734.0,2.14
2021-04-17 08:18:00,1618647480000,6782836.0,6783005.0,6777001.0,6779304.0,3.42
2021-04-17 08:19:00,1618647540000,6779499.0,6781188.0,6777288.0,6779253.0,2.52
2021-04-17 08:20:00,1618647600000,6778852.0,6780719.0,6775561.0,6778332.0,2.26
2021-04-17 08:21:00,1618647660000,6778333.0,6782706.0,6777074.0,6781919.0,2.36
2021-04-17 08:22:00,1618647720000,6781105.0,6784725.0,6780690.0,6784235.0,1.38
2021-04-17 08:23:00,1618647780000,6782969.0,6783539.0,6779775.0,6782498.0,1.76
2021-04-17 08:24:00,1618647840000,6782498.0,6782498.0,6776604.0,6777619.0,1.56
2021-04-17 08:25:00,1618647900000,6775906.0,6777519.0,6774332.0,6777443.0,1.94
2021-04-17 08:26:00,1618647960000,6777231.0,6777770.0,6773322.0,6773554.0,1.02
2021-04-17 08:27:00,1618648020000,6774702.0,6775969.0,6771726.0,6772456.0,1.74
2021-04-17 08:28:00,1618648080000,6771291.0,6772804.0,6768698.0,6770311.0,0.72
2021-04-17 08:29:00,1618648140000,6771243.0,6776137.0,6771243.0,6776137.0,2.78
2021-04-17 08:30:00,1618648200000,6774153.0,6775781.0,6771720.0,6771833.0,1.74
2021-04-17 08:31:00,1618648260000,6771833.0,6774530.0,6770940.0,6773422.0,1.16
2021-04-17 08:32:00,1618648320000,6771799.0,6772760.0,6770609.0,6772700.0,0.86
2021-04-17 08:33:00,1618648380000,6773590.0,6775238.0,6770205.0,6770205.0,0.92
2021-04-17 08:34:00,1618648440000,6771214.0,6772509.0,6769830.0,6769830.0,0.64
2021-04-17 08:35:00,1618648500000,6769714.0,6773332.0,6769603.0,6773332.0,0.72
2021-04-17 08:36:00,1618648560000,6773809.0,6774645.0,6770860.0,6773519.0,0.8
2021-04-17 08:37:00,1618648620000,6774875.0,6778106.0,6774875.0,6775146.0,2.18
2021-04-17 08:38:00,1618648680000,6775146.0,6775146.0,6773705.0,6774435.0,0.28
2021-04-17 08:39:00,1618648740000,6774429.0,6777873.0,6773346.0,6775550.0,1.28
2021-04-17 08:40:00,1618648800000,6775551.0,6775551.0,6773412.0,6773480.0,0.56
2021-04-17 08:41:00,1618648860000,6773722.0,6777355.0,6772836.0,6774678.0,0.4
2021-04-17 08:42:00,1618648920000,6776592.0,6776750.0,6773323.0,6773323.0,1.18
2021-04-17 08:43:00,1618648980000,6773297.0,6774194.0,6770428.0,6771562.0,1.76
2021-04-17 08:44:00,1618649040000,6772716.0,6775957.0,6772716.0,6774980.0,0.92
2021-04-17 08:45:00,1618649100000,6773582.0,6775450.0,6772632.0,6774210.0,0.68
2021-04-17 08:46:00,1618649160000,6776067.0,6780710.0,6776067.0,6780710.0,3.0
2021-04-17 08:47:00,1618649220000,6778736.0,6780806.0,6778098.0,6780166.0,0.7
2021-04-17 08:48:00,1618649280000,6781580.0,6782010.0,6778966.0,6782010.0,0.62
2021-04-17 08:49:00,1618649340000,6779847.0,6785000.0,6779847.0,6782732.0,1.26
2021-04-17 08:50:00,1618649400000,6784456.0,6787044.0,6782753.0,6786305.0,3.32
2021-04-17 08:51:00,1618649460000,6786305.0,6787165.0,6780774.0,6780786.0,2.18
2021-04-17 08:52:00,1618649520000,6780536.0,6783789.0,6780000.0,6783789.0,1.98
2021-04-17 08:53:00,1618649580000,6784038.0,6787703.0,6783085.0,6786067.0,3.26
2021-04-17 08:54:00,1618649640000,6784524.0,6784742.0,6779830.0,6783256.0,2.92
2021-04-17 08:55:00,1618649700000,6784497.0,6784498.0,6780000.0,6781062.0,1.18
2021-04-17 08:56:00,1618649760000,6780000.0,6783701.0,6780000.0,6781261.0,2.88
2021-04-17 08:57:00,1618649820000,6781228.0,6783683.0,6780910.0,6780922.0,4.38
2021-04-17 08:58:00,1618649880000,6782871.0,6784688.0,6780982.0,6784369.0,1.62
2021-04-17 08:59:00,1618649940000,6784366.0,6792266.0,6782692.0,6791633.0,8.46
2021-04-17 09:00:00,1618650000000,6790884.0,6799990.0,6790274.0,6790274.0,26.67
2021-04-17 09:01:00,1618650060000,6790274.0,6790991.0,6780837.0,6783950.0,6.38
2021-04-17 09:02:00,1618650120000,6783950.0,6784994.0,6780189.0,6784363.0,9.88
2021-04-17 09:03:00,1618650180000,6784363.0,6785929.0,6781779.0,6782276.0,1.08
2021-04-17 09:04:00,1618650240000,6782390.0,6785102.0,6781845.0,6784297.0,2.44
2021-04-17 09:05:00,1618650300000,6784291.0,6784596.0,6777648.0,6779713.0,5.54
2021-04-17 09:06:00,1618650360000,6777748.0,6779566.0,6774098.0,6775400.0,2.46
2021-04-17 09:07:00,1618650420000,6775400.0,6779575.0,6772893.0,6773441.0,8.14
2021-04-17 09:08:00,1618650480000,6772561.0,6778221.0,6772001.0,6772800.0,4.34
2021-04-17 09:09:00,1618650540000,6772478.0,6773752.0,6771170.0,6772929.0,3.6
2021-04-17 09:10:00,1618650600000,6774930.0,6777062.0,6774525.0,6775164.0,0.9
2021-04-17 09:11:00,1618650660000,6777000.0,6778604.0,6773112.0,6774912.0,3.64
2021-04-17 09:12:00,1618650720000,6773507.0,6774812.0,6770418.0,6770446.0,1.82
2021-04-17 09:13:00,1618650780000,6770446.0,6770835.0,6766551.0,6769561.0,2.72
2021-04-17 09:14:00,1618650840000,6767895.0,6770900.0,6763500.0,6769260.0,8.48
2021-04-17 09:15:00,1618650900000,6769260.0,6769260.0,6753514.0,6757786.0,16.3
2021-04-17 09:16:00,1618650960000,6758236.0,6759704.0,6750811.0,6752364.0,4.38
2021-04-17 09:17:00,1618651020000,6752767.0,6757054.0,6751620.0,6756494.0,1.32
2021-04-17 09:18:00,1618651080000,6754900.0,6757629.0,6750000.0,6755161.0,3.32
2021-04-17 09:19:00,1618651140000,6755274.0,6755274.0,6744892.0,6748173.0,9.0
2021-04-17 09:20:00,1618651200000,6747094.0,6748700.0,6740335.0,6740335.0,6.36
2021-04-17 09:21:00,1618651260000,6740363.0,6745828.0,6739533.0,6742361.0,27.48
2021-04-17 09:22:00,1618651320000,6742361.0,6744194.0,6738305.0,6738305.0,8.63
2021-04-17 09:23:00,1618651380000,6738338.0,6742193.0,6725444.0,6732379.0,19.89
2021-04-17 09:24:00,1618651440000,6731128.0,6737510.0,6728787.0,6735050.0,9.3
2021-04-17 09:25:00,1618651500000,6734575.0,6737242.0,6726579.0,6729471.0,10.42
2021-04-17 09:26:00,1618651560000,6729943.0,6730923.0,6713668.0,6726245.0,20.72
2021-04-17 09:27:00,1618651620000,6724250.0,6731614.0,6720796.0,6728914.0,9.34
2021-04-17 09:28:00,1618651680000,6729991.0,6731572.0,6716483.0,6721320.0,9.0
2021-04-17 09:29:00,1618651740000,6718962.0,6729314.0,6718337.0,6727167.0,6.96
2021-04-17 09:30:00,1618651800000,6727166.0,6735469.0,6725784.0,6733031.0,3.78
2021-04-17 09:31:00,1618651860000,6733058.0,6735000.0,6724680.0,6725983.0,5.72
2021-04-17 09:32:00,1618651920000,6724275.0,6724460.0,6716144.0,6718571.0,5.26
2021-04-17 09:33:00,1618651980000,6716574.0,6726651.0,6712012.0,6721290.0,11.9
2021-04-17 09:34:00,1618652040000,6721268.0,6724965.0,6718475.0,6719272.0,4.62
2021-04-17 09:35:00,1618652100000,6718664.0,6725500.0,6714474.0,6725500.0,3.88
2021-04-17 09:36:00,1618652160000,6725500.0,6730499.0,6725254.0,6726407.0,3.96
2021-04-17 09:37:00,1618652220000,6725873.0,6727643.0,6718694.0,6722592.0,7.66
2021-04-17 09:38:00,1618652280000,6722030.0,6722542.0,6719351.0,6720507.0,1.54
2021-04-17 09:39:00,1618652340000,6722442.0,6731227.0,6722442.0,6729611.0,3.82
2021-04-17 09:40:00,1618652400000,6730823.0,6731428.0,6727313.0,6729541.0,1.0
2021-04-17 09:41:00,1618652460000,6729191.0,6732611.0,6729050.0,6732244.0,1.34
2021-04-17 09:42:00,1618652520000,6730230.0,6733000.0,6726729.0,6733000.0,1.88
2021-04-17 09:43:00,1618652580000,6733000.0,6734400.0,6721170.0,6728566.0,8.59
2021-04-17 09:44:00,1618652640000,6727507.0,6727507.0,6721584.0,6722251.0,4.34
2021-04-17 09:45:00,1618652700000,6721676.0,6721932.0,6715522.0,6715968.0,3.94
2021-04-17 09:46:00,1618652760000,6713868.0,6714624.0,6706798.0,6708744.0,11.92
2021-04-17 09:47:00,1618652820000,6709026.0,6715174.0,6706343.0,6708705.0,6.92
2021-04-17 09:48:00,1618652880000,6708705.0,6710165.0,6701221.0,6701221.0,8.4
2021-04-17 09:49:00,1618652940000,6701497.0,6704189.0,6693676.0,6699758.0,18.3
2021-04-17 09:50:00,1618653000000,6699686.0,6706964.0,6698097.0,6706964.0,2.0
2021-04-17 09:51:00,1618653060000,6706964.0,6713890.0,6704202.0,6710203.0,4.4
2021-04-17 09:52:00,1618653120000,6710466.0,6710466.0,6700000.0,6700626.0,6.34
2021-04-17 09:53:00,1618653180000,6700626.0,6710997.0,6700626.0,6708034.0,2.8
2021-04-17 09:54:00,1618653240000,6707995.0,6712397.0,6704619.0,6704643.0,3.02
2021-04-17 09:55:00,1618653300000,6704937.0,6707550.0,6700963.0,6707550.0,3.54
2021-04-17 09:56:00,1618653360000,6708017.0,6716628.0,6707551.0,6715373.0,3.9
2021-04-17 09:57:00,1618653420000,6714133.0,6715372.0,6710000.0,6710000.0,3.0
2021-04-17 09:58:00,1618653480000,6711701.0,6718263.0,6711701.0,6718001.0,2.02
2021-04-17 09:59:00,1618653540000,6718005.0,6719999.0,6713065.0,6717322.0,1.48
2021-04-17 10:00:00,1618653600000,6717322.0,6719845.0,6712624.0,6712624.0,6.84
2021-04-17 10:01:00,1618653660000,6712895.0,6714163.0,6704391.0,6705100.0,4.88
2021-04-17 10:02:00,1618653720000,6707257.0,6712736.0,6705275.0,6712548.0,1.9
2021-04-17 10:03:00,1618653780000,6711062.0,6712483.0,6708168.0,6708935.0,2.12
2021-04-17 10:04:00,1618653840000,6709494.0,6710650.0,6703503.0,6704477.0,2.42
2021-04-17 10:05:00,1618653900000,6702361.0,6702361.0,6693307.0,6697333.0,11.68
2021-04-17 10:06:00,1618653960000,6697339.0,6697339.0,6690914.0,6693303.0,5.32
2021-04-17 10:07:00,1618654020000,6692282.0,6693361.0,6683294.0,6691772.0,15.7
2021-04-17 10:08:00,1618654080000,6691779.0,6700000.0,6691779.0,6698675.0,5.4
2021-04-17 10:09:00,1618654140000,6698403.0,6706458.0,6698229.0,6706458.0,2.04
2021-04-17 10:10:00,1618654200000,6705038.0,6712547.0,6704720.0,6709657.0,3.76
2021-04-17 10:11:00,1618654260000,6710237.0,6718112.0,6710237.0,6716518.0,3.2
2021-04-17 10:12:00,1618654320000,6716788.0,6725145.0,6712733.0,6722816.0,6.02
2021-04-17 10:13:00,1618654380000,6724755.0,6726163.0,6720000.0,6725310.0,5.14
2021-04-17 10:14:00,1618654440000,6724547.0,6730585.0,6723302.0,6724794.0,9.64
2021-04-17 10:15:00,1618654500000,6723402.0,6735877.0,6721810.0,6730275.0,12.5
2021-04-17 10:16:00,1618654560000,6730732.0,6745100.0,6730732.0,6736286.0,19.68
2021-04-17 10:17:00,1618654620000,6736560.0,6736560.0,6730010.0,6730010.0,1.46
2021-04-17 10:18:00,1618654680000,6730010.0,6735000.0,6730010.0,6735000.0,1.2
2021-04-17 10:19:00,1618654740000,6735156.0,6738349.0,6730013.0,6731968.0,3.44
2021-04-17 10:20:00,1618654800000,6731643.0,6733599.0,6728503.0,6728941.0,8.18
2021-04-17 10:21:00,1618654860000,6728672.0,6728953.0,6720541.0,6721679.0,2.4
2021-04-17 10:22:00,1618654920000,6721679.0,6721679.0,6712215.0,6715867.0,3.48
2021-04-17 10:23:00,1618654980000,6714193.0,6726211.0,6714123.0,6719226.0,11.22
2021-04-17 10:24:00,1618655040000,6717758.0,6719499.0,6713729.0,6717813.0,6.8
2021-04-17 10:25:00,1618655100000,6717821.0,6722544.0,6715854.0,6717000.0,2.28
2021-04-17 10:26:00,1618655160000,6716998.0,6720780.0,6716313.0,6719660.0,0.92
2021-04-17 10:27:00,1618655220000,6720654.0,6726169.0,6715636.0,6715636.0,3.28
2021-04-17 10:28:00,1618655280000,6715459.0,6717574.0,6713726.0,6717574.0,1.88
2021-04-17 10:29:00,1618655340000,6717597.0,6720983.0,6711986.0,6712364.0,2.58
2021-04-17 10:30:00,1618655400000,6712522.0,6714997.0,6706659.0,6706659.0,2.52
2021-04-17 10:31:00,1618655460000,6706193.0,6716534.0,6706193.0,6716534.0,2.6
2021-04-17 10:32:00,1618655520000,6717331.0,6720364.0,6714360.0,6720364.0,1.62
2021-04-17 10:33:00,1618655580000,6718660.0,6722025.0,6716750.0,6717568.0,1.92
2021-04-17 10:34:00,1618655640000,6717532.0,6719223.0,6713779.0,6716807.0,2.78
2021-04-17 10:35:00,1618655700000,6715000.0,6718389.0,6713200.0,6716255.0,1.5
2021-04-17 10:36:00,1618655760000,6717890.0,6717890.0,6713000.0,6717091.0,1.1
2021-04-17 10:37:00,1618655820000,6716654.0,6721234.0,6715419.0,6720844.0,3.47
2021-04-17 10:38:00,1618655880000,6720412.0,6725411.0,6717407.0,6717650.0,4.42
2021-04-17 10:39:00,1618655940000,6719179.0,6719179.0,6715302.0,6718580.0,1.5
2021-04-17 10:40:00,1618656000000,6716936.0,6719010.0,6714476.0,6714476.0,1.1
2021-04-17 10:41:00,1618656060000,6713741.0,6716529.0,6711283.0,6716529.0,1.6
2021-04-17 10:42:00,1618656120000,6715135.0,6718685.0,6710211.0,6710406.0,6.62
2021-04-17 10:43:00,1618656180000,6710406.0,6710406.0,6706117.0,6707526.0,2.45
2021-04-17 10:44:00,1618656240000,6707345.0,6709319.0,6703556.0,6706477.0,5.5
2021-04-17 10:45:00,1618656300000,6705555.0,6705555.0,6698573.0,6703862.0,6.2
2021-04-17 10:46:00,1618656360000,6703862.0,6709827.0,6700508.0,6707832.0,4.74
2021-04-17 10:47:00,1618656420000,6708678.0,6711463.0,6705561.0,6706644.0,2.94
2021-04-17 10:48:00,1618656480000,6706607.0,6712561.0,6706607.0,6710901.0,5.06
2021-04-17 10:49:00,1618656540000,6708616.0,6712080.0,6708616.0,6709420.0,0.9
2021-04-17 10:50:00,1618656600000,6709420.0,6713976.0,6708416.0,6713976.0,2.7
2021-04-17 10:51:00,1618656660000,6713182.0,6715529.0,6701753.0,6701900.0,9.54
2021-04-17 10:52:00,1618656720000,6702027.0,6704565.0,6697818.0,6697818.0,2.42
2021-04-17 10:53:00,1618656780000,6697680.0,6698503.0,6690766.0,6693949.0,5.83
2021-04-17 10:54:00,1618656840000,6693547.0,6693547.0,6686238.0,6686481.0,7.08
2021-04-17 10:55:00,1618656900000,6686219.0,6690823.0,6681153.0,6684514.0,6.64
2021-04-17 10:56:00,1618656960000,6683624.0,6687628.0,6682625.0,6683853.0,2.96
2021-04-17 10:57:00,1618657020000,6682870.0,6683465.0,6675484.0,6682103.0,16.43
2021-04-17 10:58:00,1618657080000,6683829.0,6684497.0,6678495.0,6684198.0,2.96
2021-04-17 10:59:00,1618657140000,6684198.0,6688463.0,6683689.0,6688000.0,1.4
2021-04-17 11:00:00,1618657200000,6687801.0,6688000.0,6672198.0,6676442.0,6.46
2021-04-17 11:01:00,1618657260000,6677360.0,6681900.0,6673526.0,6681378.0,6.88
2021-04-17 11:02:00,1618657320000,6682385.0,6682385.0,6678677.0,6682086.0,2.26
2021-04-17 11:03:00,1618657380000,6680622.0,6686649.0,6680612.0,6684826.0,2.18
2021-04-17 11:04:00,1618657440000,6684355.0,6686329.0,6678797.0,6678797.0,5.52
2021-04-17 11:05:00,1618657500000,6678212.0,6682250.0,6675841.0,6679877.0,5.8
2021-04-17 11:06:00,1618657560000,6680599.0,6687253.0,6679985.0,6685390.0,2.18
2021-04-17 11:07:00,1618657620000,6688000.0,6688371.0,6682335.0,6683497.0,2.14
2021-04-17 11:08:00,1618657680000,6683487.0,6683497.0,6663030.0,6670683.0,23.26
2021-04-17 11:09:00,1618657740000,6670923.0,6678149.0,6668575.0,6678149.0,14.22
2021-04-17 11:10:00,1618657800000,6678100.0,6683506.0,6677769.0,6679208.0,4.46
2021-04-17 11:11:00,1618657860000,6679200.0,6683771.0,6676247.0,6681025.0,3.9
2021-04-17 11:12:00,1618657920000,6681438.0,6683270.0,6678069.0,6678069.0,3.52
2021-04-17 11:13:00,1618657980000,6678329.0,6681380.0,6676887.0,6681380.0,1.9
2021-04-17 11:14:00,1618658040000,6683172.0,6685819.0,6682283.0,6684408.0,3.0
2021-04-17 11:15:00,1618658100000,6685862.0,6692129.0,6685862.0,6692129.0,7.86
2021-04-17 11:16:00,1618658160000,6690900.0,6694819.0,6686501.0,6691312.0,4.82
2021-04-17 11:17:00,1618658220000,6691023.0,6692000.0,6683385.0,6686543.0,2.8
2021-04-17 11:18:00,1618658280000,6686680.0,6686777.0,6680011.0,6683240.0,3.14
2021-04-17 11:19:00,1618658340000,6681685.0,6688327.0,6681685.0,6686977.0,3.86
2021-04-17 11:20:00,1618658400000,6685229.0,6686977.0,6679532.0,6680856.0,5.85
2021-04-17 11:21:00,1618658460000,6680876.0,6681633.0,6670603.0,6673126.0,10.42
2021-04-17 11:22:00,1618658520000,6673127.0,6675386.0,6669871.0,6669871.0,2.02
2021-04-17 11:23:00,1618658580000,6669205.0,6670767.0,6661954.0,6665298.0,10.7
2021-04-17 11:24:00,1618658640000,6664779.0,6674057.0,6660342.0,6665663.0,8.32
2021-04-17 11:25:00,1618658700000,6665681.0,6671482.0,6663687.0,6671482.0,1.56
2021-04-17 11:26:00,1618658760000,6671482.0,6674318.0,6668809.0,6668809.0,8.08
2021-04-17 11:27:00,1618658820000,6668959.0,6669775.0,6657750.0,6661230.0,4.0
2021-04-17 11:28:00,1618658880000,6660000.0,6660000.0,6653300.0,6656003.0,11.62
2021-04-17 11:29:00,1618658940000,6654660.0,6660000.0,6650840.0,6659167.0,7.1
2021-04-17 11:30:00,1618659000000,6657790.0,6657815.0,6650000.0,6650225.0,25.65
2021-04-17 11:31:00,1618659060000,6650130.0,6655490.0,6650000.0,6653860.0,9.32
2021-04-17 11:32:00,1618659120000,6653864.0,6659532.0,6652851.0,6653047.0,7.52
2021-04-17 11:33:00,1618659180000,6653014.0,6654110.0,6642126.0,6642126.0,12.09
2021-04-17 11:34:00,1618659240000,6642126.0,6648736.0,6638276.0,6639700.0,18.69
2021-04-17 11:35:00,1618659300000,6637717.0,6644165.0,6636000.0,6638543.0,8.28
2021-04-17 11:36:00,1618659360000,6637793.0,6646182.0,6633248.0,6633248.0,9.3
2021-04-17 11:37:00,1618659420000,6634541.0,6635624.0,6626264.0,6627343.0,8.28
2021-04-17 11:38:00,1618659480000,6627476.0,6629245.0,6612393.0,6612935.0,35.92
2021-04-17 11:39:00,1618659540000,6612803.0,6627430.0,6612803.0,6627430.0,17.98
2021-04-17 11:40:00,1618659600000,6627640.0,6636232.0,6619338.0,6628919.0,34.68
2021-04-17 11:41:00,1618659660000,6630369.0,6634989.0,6623195.0,6629925.0,17.52
2021-04-17 11:42:00,1618659720000,6629764.0,6630814.0,6621612.0,6624750.0,6.32
2021-04-17 11:43:00,1618659780000,6627287.0,6630736.0,6625471.0,6627195.0,4.52
2021-04-17 11:44:00,1618659840000,6627214.0,6638686.0,6627214.0,6638686.0,9.62
2021-04-17 11:45:00,1618659900000,6638717.0,6651963.0,6637694.0,6651189.0,14.68
2021-04-17 11:46:00,1618659960000,6650658.0,6654777.0,6642202.0,6652688.0,8.04
2021-04-17 11:47:00,1618660020000,6653626.0,6656125.0,6646292.0,6653174.0,12.06
2021-04-17 11:48:00,1618660080000,6653007.0,6654305.0,6650856.0,6654305.0,3.14
2021-04-17 11:49:00,1618660140000,6654219.0,6664000.0,6653389.0,6664000.0,14.86
2021-04-17 11:50:00,1618660200000,6662626.0,6662856.0,6653745.0,6653974.0,11.6
2021-04-17 11:51:00,1618660260000,6653974.0,6658526.0,6648488.0,6650811.0,10.22
2021-04-17 11:52:00,1618660320000,6649989.0,6653592.0,6646627.0,6650000.0,6.2
2021-04-17 11:53:00,1618660380000,6648684.0,6648722.0,6635810.0,6635810.0,5.46
2021-04-17 11:54:00,1618660440000,6636908.0,6642180.0,6630695.0,6630695.0,8.22
2021-04-17 11:55:00,1618660500000,6630010.0,6636381.0,6625598.0,6636381.0,8.08
2021-04-17 11:56:00,1618660560000,6636961.0,6646925.0,6636961.0,6646925.0,2.36
2021-04-17 11:57:00,1618660620000,6645462.0,6646928.0,6635809.0,6637200.0,4.54
2021-04-17 11:58:00,1618660680000,6637294.0,6641048.0,6632175.0,6632218.0,3.06
2021-04-17 11:59:00,1618660740000,6631055.0,6638140.0,6630000.0,6631115.0,4.44
2021-04-17 12:00:00,1618660800000,6631346.0,6632003.0,6610906.0,6614344.0,38.3
2021-04-17 12:01:00,1618660860000,6614513.0,6617437.0,6597202.0,6601566.0,35.81
2021-04-17 12:02:00,1618660920000,6604280.0,6608460.0,6594147.0,6601309.0,34.32
2021-04-17 12:03:00,1618660980000,6601308.0,6617226.0,6597151.0,6613868.0,14.92
2021-04-17 12:04:00,1618661040000,6611022.0,6615252.0,6597335.0,6600105.0,19.98
2021-04-17 12:05:00,1618661100000,6599903.0,6605840.0,6590749.0,6605840.0,18.82
2021-04-17 12:06:00,1618661160000,6605730.0,6613121.0,6601502.0,6613021.0,9.17
2021-04-17 12:07:00,1618661220000,6612980.0,6616474.0,6608388.0,6610172.0,7.48
2021-04-17 12:08:00,1618661280000,6610569.0,6620055.0,6605268.0,6617866.0,10.74
2021-04-17 12:09:00,1618661340000,6617881.0,6620869.0,6610842.0,6617932.0,17.2
2021-04-17 12:10:00,1618661400000,6617924.0,6624043.0,6617924.0,6623387.0,3.76
2021-04-17 12:11:00,1618661460000,6623386.0,6627516.0,6621843.0,6623695.0,3.46
2021-04-17 12:12:00,1618661520000,6622984.0,6628236.0,6620490.0,6620490.0,20.07
2021-04-17 12:13:00,1618661580000,6620490.0,6625263.0,6618200.0,6618200.0,9.59
2021-04-17 12:14:00,1618661640000,6618237.0,6623293.0,6614946.0,6623293.0,5.98
2021-04-17 12:15:00,1618661700000,6623299.0,6628840.0,6622114.0,6626665.0,2.88
2021-04-17 12:16:00,1618661760000,6626918.0,6630000.0,6625844.0,6630000.0,7.4
2021-04-17 12:17:00,1618661820000,6630000.0,6630000.0,6625492.0,6630000.0,5.94
2021-04-17 12:18:00,1618661880000,6629976.0,6633336.0,6628193.0,6631576.0,21.51
2021-04-17 12:19:00,1618661940000,6630526.0,6635000.0,6625661.0,6633500.0,7.56
2021-04-17 12:20:00,1618662000000,6633621.0,6636711.0,6630194.0,6634246.0,6.68
2021-04-17 12:21:00,1618662060000,6634266.0,6635770.0,6626000.0,6628200.0,4.4
2021-04-17 12:22:00,1618662120000,6629625.0,6629625.0,6622207.0,6623940.0,3.24
2021-04-17 12:23:00,1618662180000,6624058.0,6630931.0,6623993.0,6624094.0,5.35
2021-04-17 12:24:00,1618662240000,6624106.0,6624366.0,6616061.0,6622133.0,9.04
2021-04-17 12:25:00,1618662300000,6621849.0,6623404.0,6619141.0,6623404.0,0.84
2021-04-17 12:26:00,1618662360000,6623402.0,6629708.0,6621882.0,6625964.0,4.12
2021-04-17 12:27:00,1618662420000,6626073.0,6629915.0,6626073.0,6626560.0,2.54
2021-04-17 12:28:00,1618662480000,6626560.0,6626681.0,6620133.0,6621864.0,3.52
2021-04-17 12:29:00,1618662540000,6621832.0,6622055.0,6614938.0,6617867.0,5.98
2021-04-17 12:30:00,1618662600000,6618000.0,6618544.0,6603072.0,6608488.0,24.48
2021-04-17 12:31:00,1618662660000,6609924.0,6614751.0,6605775.0,6607752.0,6.62
2021-04-17 12:32:00,1618662720000,6607461.0,6609899.0,6602157.0,6606625.0,7.12
2021-04-17 12:33:00,1618662780000,6606548.0,6612539.0,6600205.0,6612321.0,6.88
2021-04-17 12:34:00,1618662840000,6611789.0,6621777.0,6610001.0,6621777.0,5.32
2021-04-17 12:35:00,1618662900000,6620587.0,6632995.0,6620266.0,6630355.0,7.06
2021-04-17 12:36:00,1618662960000,6630742.0,6648700.0,6630742.0,6639689.0,13.8
2021-04-17 12:37:00,1618663020000,6640027.0,6653775.0,6637629.0,6649497.0,15.22
2021-04-17 12:38:00,1618663080000,6648519.0,6650393.0,6639977.0,6640077.0,5.82
2021-04-17 12:39:00,1618663140000,6641990.0,6643826.0,6634524.0,6641591.0,6.24
2021-04-17 12:40:00,1618663200000,6640656.0,6640656.0,6634846.0,6634846.0,4.4
2021-04-17 12:41:00,1618663260000,6634846.0,6640045.0,6630000.0,6632442.0,20.4
2021-04-17 12:42:00,1618663320000,6632442.0,6639457.0,6630790.0,6634844.0,10.79
2021-04-17 12:43:00,1618663380000,6634844.0,6641202.0,6634007.0,6635920.0,4.5
2021-04-17 12:44:00,1618663440000,6634930.0,6644420.0,6634930.0,6642562.0,3.06
2021-04-17 12:45:00,1618663500000,6642464.0,6643993.0,6636040.0,6642642.0,4.28
2021-04-17 12:46:00,1618663560000,6642162.0,6642162.0,6634696.0,6636991.0,3.9
2021-04-17 12:47:00,1618663620000,6637954.0,6638400.0,6634269.0,6634269.0,1.74
2021-04-17 12:48:00,1618663680000,6634202.0,6640130.0,6631103.0,6631103.0,4.22
2021-04-17 12:49:00,1618663740000,6632832.0,6641829.0,6632764.0,6638142.0,6.02
2021-04-17 12:50:00,1618663800000,6638858.0,6642000.0,6637503.0,6640789.0,3.84
2021-04-17 12:51:00,1618663860000,6641815.0,6641815.0,6632024.0,6632542.0,4.36
2021-04-17 12:52:00,1618663920000,6631153.0,6641804.0,6631103.0,6640619.0,3.76
2021-04-17 12:53:00,1618663980000,6640076.0,6648664.0,6639584.0,6646205.0,6.9
2021-04-17 12:54:00,1618664040000,6646342.0,6651644.0,6644313.0,6646617.0,6.86
2021-04-17 12:55:00,1618664100000,6646504.0,6646504.0,6641453.0,6645845.0,4.92
2021-04-17 12:56:00,1618664160000,6646969.0,6653828.0,6646168.0,6651738.0,8.02
2021-04-17 12:57:00,1618664220000,6651706.0,6655000.0,6651151.0,6653726.0,3.32
2021-04-17 12:58:00,1618664280000,6652932.0,6652934.0,6645357.0,6651098.0,4.84
2021-04-17 12:59:00,1618664340000,6651098.0,6654964.0,6648100.0,6652100.0,7.42
2021-04-17 13:00:00,1618664400000,6652100.0,6654000.0,6644772.0,6647388.0,3.53
2021-04-17 13:01:00,1618664460000,6645252.0,6645252.0,6641266.0,6642812.0,2.9
2021-04-17 13:02:00,1618664520000,6643071.0,6646952.0,6643071.0,6646338.0,0.84
2021-04-17 13:03:00,1618664580000,6646928.0,6650518.0,6646143.0,6648720.0,2.7
2021-04-17 13:04:00,1618664640000,6648698.0,6650187.0,6646417.0,6649435.0,0.56
2021-04-17 13:05:00,1618664700000,6647307.0,6649071.0,6645404.0,6647135.0,1.44
2021-04-17 13:06:00,1618664760000,6647143.0,6651474.0,6645879.0,6649810.0,3.08
2021-04-17 13:07:00,1618664820000,6649013.0,6651396.0,6648063.0,6650400.0,3.24
2021-04-17 13:08:00,1618664880000,6651180.0,6652447.0,6649781.0,6650917.0,0.92
2021-04-17 13:09:00,1618664940000,6650916.0,6652044.0,6648606.0,6650677.0,2.78
2021-04-17 13:10:00,1618665000000,6650600.0,6650600.0,6642362.0,6642362.0,5.14
2021-04-17 13:11:00,1618665060000,6642924.0,6646230.0,6633820.0,6637497.0,25.42
2021-04-17 13:12:00,1618665120000,6637447.0,6643482.0,6637315.0,6640789.0,4.22
2021-04-17 13:13:00,1618665180000,6640813.0,6640813.0,6633492.0,6633492.0,8.56
2021-04-17 13:14:00,1618665240000,6634836.0,6636019.0,6631965.0,6631965.0,3.52
2021-04-17 13:15:00,1618665300000,6631387.0,6631387.0,6622677.0,6623509.0,5.94
2021-04-17 13:16:00,1618665360000,6623492.0,6624172.0,6616269.0,6621974.0,5.88
2021-04-17 13:17:00,1618665420000,6621963.0,6624396.0,6614000.0,6615551.0,9.1
2021-04-17 13:18:00,1618665480000,6613969.0,6615286.0,6600100.0,6604894.0,24.14
2021-04-17 13:19:00,1618665540000,6604639.0,6608840.0,6595469.0,6595469.0,11.82
2021-04-17 13:20:00,1618665600000,6595065.0,6596876.0,6580000.0,6580200.0,29.88
2021-04-17 13:21:00,1618665660000,6580200.0,6598881.0,6578000.0,6597266.0,33.63
2021-04-17 13:22:00,1618665720000,6597089.0,6609998.0,6596259.0,6608393.0,17.24
2021-04-17 13:23:00,1618665780000,6607045.0,6612260.0,6602615.0,6607176.0,20.27
2021-04-17 13:24:00,1618665840000,6607165.0,6607166.0,6599338.0,6602778.0,4.66
2021-04-17 13:25:00,1618665900000,6601131.0,6601131.0,6592503.0,6596879.0,11.08
2021-04-17 13:26:00,1618665960000,6596880.0,6614999.0,6595872.0,6614999.0,12.33
2021-04-17 13:27:00,1618666020000,6613399.0,6620923.0,6613210.0,6619328.0,3.04
2021-04-17 13:28:00,1618666080000,6620190.0,6621197.0,6615000.0,6616929.0,3.3
2021-04-17 13:29:00,1618666140000,6617000.0,6619698.0,6611688.0,6618242.0,3.99
2021-04-17 13:30:00,1618666200000,6619596.0,6629383.0,6619390.0,6629335.0,23.39
2021-04-17 13:31:00,1618666260000,6629367.0,6639428.0,6628493.0,6635123.0,6.48
2021-04-17 13:32:00,1618666320000,6637037.0,6642753.0,6632886.0,6640433.0,8.68
2021-04-17 13:33:00,1618666380000,6640383.0,6647011.0,6638627.0,6645659.0,3.54
2021-04-17 13:34:00,1618666440000,6645459.0,6645612.0,6634993.0,6636994.0,9.12
2021-04-17 13:35:00,1618666500000,6635320.0,6643542.0,6631770.0,6639330.0,15.27
2021-04-17 13:36:00,1618666560000,6640996.0,6643000.0,6639130.0,6640568.0,2.24
2021-04-17 13:37:00,1618666620000,6640568.0,6654753.0,6640568.0,6650295.0,21.2
2021-04-17 13:38:00,1618666680000,6650365.0,6654999.0,6650044.0,6654333.0,8.86
2021-04-17 13:39:00,1618666740000,6654137.0,6657448.0,6652099.0,6655116.0,4.72
